"Date","Source","Site ID","POC","Daily Mean PM2.5 Concentration","UNITS","DAILY_AQI_VALUE","Site Name","DAILY_OBS_COUNT","PERCENT_COMPLETE","AQS_PARAMETER_CODE","AQS_PARAMETER_DESC","CBSA_CODE","CBSA_NAME","STATE_CODE","STATE","COUNTY_CODE","COUNTY","SITE_LATITUDE","SITE_LONGITUDE"
"01/01/2023","AQS","180190010","3","16.5","ug/m3 LC","60","Jeffersonville- Bates-Bowyer Ave.","1","100.0000","88101","PM2.5 - Local Conditions","31140","Louisville/Jefferson County, KY-IN","18","Indiana","019","Clark","38.2881908269178","-85.741336506"
"01/02/2023","AQS","180190010","3","14.1","ug/m3 LC","55","Jeffersonville- Bates-Bowyer Ave.","1","100.0000","88101","PM2.5 - Local Conditions","31140","Louisville/Jefferson County, KY-IN","18","Indiana","019","Clark","38.2881908269178","-85.741336506"
"01/03/2023","AQS","180190010","3","4.3","ug/m3 LC","18","Jeffersonville- Bates-Bowyer Ave.","1","100.0000","88101","PM2.5 - Local Conditions","31140","Louisville/Jefferson County, KY-IN","18","Indiana","019","Clark","38.2881908269178","-85.741336506"
"01/04/2023","AQS","180190010","3","5.8","ug/m3 LC","24","Jeffersonville- Bates-Bowyer Ave.","1","100.0000","88101","PM2.5 - Local Conditions","31140","Louisville/Jefferson County, KY-IN","18","Indiana","019","Clark","38.2881908269178","-85.741336506"
"01/05/2023","AQS","180190010","3","6.3","ug/m3 LC","26","Jeffersonville- Bates-Bowyer Ave.","1","100.0000","88101","PM2.5 - Local Conditions","31140","Louisville/Jefferson County, KY-IN","18","Indiana","019","Clark","38.2881908269178","-85.741336506"
"01/06/2023","AQS","180190010","3","9.4","ug/m3 LC","39","Jeffersonville- Bates-Bowyer Ave.","1","100.0000","88101","PM2.5 - Local Conditions","31140","Louisville/Jefferson County, KY-IN","18","Indiana","019","Clark","38.2881908269178","-85.741336506"
"01/07/2023","AQS","180190010","3","11.5","ug/m3 LC","48","Jeffersonville- Bates-Bowyer Ave.","1","100.0000","88101","PM2.5 - Local Conditions","31140","Louisville/Jefferson County, KY-IN","18","Indiana","019","Clark","38.2881908269178","-85.741336506"
"01/08/2023","AQS","180190010","3","11.3","ug/m3 LC","47","Jeffersonville- Bates-Bowyer Ave.","1","100.0000","88101","PM2.5 - Local Conditions","31140","Louisville/Jefferson County, KY-IN","18","Indiana","019","Clark","38.2881908269178","-85.741336506"
"01/09/2023","AQS","180190010","3","14.9","ug/m3 LC","57","Jeffersonville- Bates-Bowyer Ave.","1","100.0000","88101","PM2.5 - Local Conditions","31140","Louisville/Jefferson County, KY-IN","18","Indiana","019","Clark","38.2881908269178","-85.741336506"
"01/10/2023","AQS","180190010","3","14.9","ug/m3 LC","57","Jeffersonville- Bates-Bowyer Ave.","1","100.0000","88101","PM2.5 - Local Conditions","31140","Louisville/Jefferson County, KY-IN","18","Indiana","019","Clark","38.2881908269178","-85.741336506"
"01/11/2023","AQS","180190010","3","20.2","ug/m3 LC","68","Jeffersonville- Bates-Bowyer Ave.","1","100.0000","88101","PM2.5 - Local Conditions","31140","Louisville/Jefferson County, KY-IN","18","Indiana","019","Clark","38.2881908269178","-85.741336506"
"01/12/2023","AQS","180190010","3","9.8","ug/m3 LC","41","Jeffersonville- Bates-Bowyer Ave.","1","100.0000","88101","PM2.5 - Local Conditions","31140","Louisville/Jefferson County, KY-IN","18","Indiana","019","Clark","38.2881908269178","-85.741336506"
"01/13/2023","AQS","180190010","3","4.9","ug/m3 LC","20","Jeffersonville- Bates-Bowyer Ave.","1","100.0000","88101","PM2.5 - Local Conditions","31140","Louisville/Jefferson County, KY-IN","18","Indiana","019","Clark","38.2881908269178","-85.741336506"
"01/14/2023","AQS","180190010","3","7.3","ug/m3 LC","30","Jeffersonville- Bates-Bowyer Ave.","1","100.0000","88101","PM2.5 - Local Conditions","31140","Louisville/Jefferson County, KY-IN","18","Indiana","019","Clark","38.2881908269178","-85.741336506"
"01/15/2023","AQS","180190010","3","11.5","ug/m3 LC","48","Jeffersonville- Bates-Bowyer Ave.","1","100.0000","88101","PM2.5 - Local Conditions","31140","Louisville/Jefferson County, KY-IN","18","Indiana","019","Clark","38.2881908269178","-85.741336506"
"01/16/2023","AQS","180190010","3","7.2","ug/m3 LC","30","Jeffersonville- Bates-Bowyer Ave.","1","100.0000","88101","PM2.5 - Local Conditions","31140","Louisville/Jefferson County, KY-IN","18","Indiana","019","Clark","38.2881908269178","-85.741336506"
"01/17/2023","AQS","180190010","3","6.5","ug/m3 LC","27","Jeffersonville- Bates-Bowyer Ave.","1","100.0000","88101","PM2.5 - Local Conditions","31140","Louisville/Jefferson County, KY-IN","18","Indiana","019","Clark","38.2881908269178","-85.741336506"
"01/18/2023","AQS","180190010","3","14.3","ug/m3 LC","56","Jeffersonville- Bates-Bowyer Ave.","1","100.0000","88101","PM2.5 - Local Conditions","31140","Louisville/Jefferson County, KY-IN","18","Indiana","019","Clark","38.2881908269178","-85.741336506"
"01/19/2023","AQS","180190010","3","5.2","ug/m3 LC","22","Jeffersonville- Bates-Bowyer Ave.","1","100.0000","88101","PM2.5 - Local Conditions","31140","Louisville/Jefferson County, KY-IN","18","Indiana","019","Clark","38.2881908269178","-85.741336506"
"01/20/2023","AQS","180190010","3","5.6","ug/m3 LC","23","Jeffersonville- Bates-Bowyer Ave.","1","100.0000","88101","PM2.5 - Local Conditions","31140","Louisville/Jefferson County, KY-IN","18","Indiana","019","Clark","38.2881908269178","-85.741336506"
"01/21/2023","AQS","180190010","3","9.1","ug/m3 LC","38","Jeffersonville- Bates-Bowyer Ave.","1","100.0000","88101","PM2.5 - Local Conditions","31140","Louisville/Jefferson County, KY-IN","18","Indiana","019","Clark","38.2881908269178","-85.741336506"
"01/22/2023","AQS","180190010","3","12.3","ug/m3 LC","51","Jeffersonville- Bates-Bowyer Ave.","1","100.0000","88101","PM2.5 - Local Conditions","31140","Louisville/Jefferson County, KY-IN","18","Indiana","019","Clark","38.2881908269178","-85.741336506"
"01/23/2023","AQS","180190010","3","11.7","ug/m3 LC","49","Jeffersonville- Bates-Bowyer Ave.","1","100.0000","88101","PM2.5 - Local Conditions","31140","Louisville/Jefferson County, KY-IN","18","Indiana","019","Clark","38.2881908269178","-85.741336506"
"01/24/2023","AQS","180190010","3","12.9","ug/m3 LC","53","Jeffersonville- Bates-Bowyer Ave.","1","100.0000","88101","PM2.5 - Local Conditions","31140","Louisville/Jefferson County, KY-IN","18","Indiana","019","Clark","38.2881908269178","-85.741336506"
"01/25/2023","AQS","180190010","3","5","ug/m3 LC","21","Jeffersonville- Bates-Bowyer Ave.","1","100.0000","88101","PM2.5 - Local Conditions","31140","Louisville/Jefferson County, KY-IN","18","Indiana","019","Clark","38.2881908269178","-85.741336506"
"01/26/2023","AQS","180190010","3","8.2","ug/m3 LC","34","Jeffersonville- Bates-Bowyer Ave.","1","100.0000","88101","PM2.5 - Local Conditions","31140","Louisville/Jefferson County, KY-IN","18","Indiana","019","Clark","38.2881908269178","-85.741336506"
"01/27/2023","AQS","180190010","3","5.7","ug/m3 LC","24","Jeffersonville- Bates-Bowyer Ave.","1","100.0000","88101","PM2.5 - Local Conditions","31140","Louisville/Jefferson County, KY-IN","18","Indiana","019","Clark","38.2881908269178","-85.741336506"
"01/28/2023","AQS","180190010","3","4.6","ug/m3 LC","19","Jeffersonville- Bates-Bowyer Ave.","1","100.0000","88101","PM2.5 - Local Conditions","31140","Louisville/Jefferson County, KY-IN","18","Indiana","019","Clark","38.2881908269178","-85.741336506"
"01/29/2023","AQS","180190010","3","8.8","ug/m3 LC","37","Jeffersonville- Bates-Bowyer Ave.","1","100.0000","88101","PM2.5 - Local Conditions","31140","Louisville/Jefferson County, KY-IN","18","Indiana","019","Clark","38.2881908269178","-85.741336506"
"01/30/2023","AQS","180190010","3","13.3","ug/m3 LC","54","Jeffersonville- Bates-Bowyer Ave.","1","100.0000","88101","PM2.5 - Local Conditions","31140","Louisville/Jefferson County, KY-IN","18","Indiana","019","Clark","38.2881908269178","-85.741336506"
"01/31/2023","AQS","180190010","3","12.7","ug/m3 LC","52","Jeffersonville- Bates-Bowyer Ave.","1","100.0000","88101","PM2.5 - Local Conditions","31140","Louisville/Jefferson County, KY-IN","18","Indiana","019","Clark","38.2881908269178","-85.741336506"
"02/01/2023","AirNow","180190010","3","18","ug/m3 LC","63","Jeffersonville- Bates-Bowyer Ave.","1","100.0000","88101","PM2.5 - Local Conditions","31140","Louisville/Jefferson County, KY-IN","18","Indiana","019","Clark","38.2881908269178","-85.741336506"
"02/02/2023","AirNow","180190010","3","15.5","ug/m3 LC","58","Jeffersonville- Bates-Bowyer Ave.","1","100.0000","88101","PM2.5 - Local Conditions","31140","Louisville/Jefferson County, KY-IN","18","Indiana","019","Clark","38.2881908269178","-85.741336506"
"02/03/2023","AirNow","180190010","3","10.5","ug/m3 LC","44","Jeffersonville- Bates-Bowyer Ave.","1","100.0000","88101","PM2.5 - Local Conditions","31140","Louisville/Jefferson County, KY-IN","18","Indiana","019","Clark","38.2881908269178","-85.741336506"
"02/04/2023","AirNow","180190010","3","7.6","ug/m3 LC","32","Jeffersonville- Bates-Bowyer Ave.","1","100.0000","88101","PM2.5 - Local Conditions","31140","Louisville/Jefferson County, KY-IN","18","Indiana","019","Clark","38.2881908269178","-85.741336506"
"02/05/2023","AirNow","180190010","3","7.1","ug/m3 LC","30","Jeffersonville- Bates-Bowyer Ave.","1","100.0000","88101","PM2.5 - Local Conditions","31140","Louisville/Jefferson County, KY-IN","18","Indiana","019","Clark","38.2881908269178","-85.741336506"
"02/06/2023","AirNow","180190010","3","9.5","ug/m3 LC","40","Jeffersonville- Bates-Bowyer Ave.","1","100.0000","88101","PM2.5 - Local Conditions","31140","Louisville/Jefferson County, KY-IN","18","Indiana","019","Clark","38.2881908269178","-85.741336506"
"02/07/2023","AirNow","180190010","3","10.5","ug/m3 LC","44","Jeffersonville- Bates-Bowyer Ave.","1","100.0000","88101","PM2.5 - Local Conditions","31140","Louisville/Jefferson County, KY-IN","18","Indiana","019","Clark","38.2881908269178","-85.741336506"
"02/08/2023","AirNow","180190010","3","13.2","ug/m3 LC","53","Jeffersonville- Bates-Bowyer Ave.","1","100.0000","88101","PM2.5 - Local Conditions","31140","Louisville/Jefferson County, KY-IN","18","Indiana","019","Clark","38.2881908269178","-85.741336506"
"02/09/2023","AirNow","180190010","3","8.6","ug/m3 LC","36","Jeffersonville- Bates-Bowyer Ave.","1","100.0000","88101","PM2.5 - Local Conditions","31140","Louisville/Jefferson County, KY-IN","18","Indiana","019","Clark","38.2881908269178","-85.741336506"
"02/10/2023","AirNow","180190010","3","9.2","ug/m3 LC","38","Jeffersonville- Bates-Bowyer Ave.","1","100.0000","88101","PM2.5 - Local Conditions","31140","Louisville/Jefferson County, KY-IN","18","Indiana","019","Clark","38.2881908269178","-85.741336506"
"02/11/2023","AirNow","180190010","3","13.4","ug/m3 LC","54","Jeffersonville- Bates-Bowyer Ave.","1","100.0000","88101","PM2.5 - Local Conditions","31140","Louisville/Jefferson County, KY-IN","18","Indiana","019","Clark","38.2881908269178","-85.741336506"
"02/12/2023","AirNow","180190010","3","10","ug/m3 LC","42","Jeffersonville- Bates-Bowyer Ave.","1","100.0000","88101","PM2.5 - Local Conditions","31140","Louisville/Jefferson County, KY-IN","18","Indiana","019","Clark","38.2881908269178","-85.741336506"
"02/13/2023","AirNow","180190010","3","13.7","ug/m3 LC","54","Jeffersonville- Bates-Bowyer Ave.","1","100.0000","88101","PM2.5 - Local Conditions","31140","Louisville/Jefferson County, KY-IN","18","Indiana","019","Clark","38.2881908269178","-85.741336506"
"02/14/2023","AirNow","180190010","3","13.2","ug/m3 LC","53","Jeffersonville- Bates-Bowyer Ave.","1","100.0000","88101","PM2.5 - Local Conditions","31140","Louisville/Jefferson County, KY-IN","18","Indiana","019","Clark","38.2881908269178","-85.741336506"
"02/15/2023","AirNow","180190010","3","10.7","ug/m3 LC","45","Jeffersonville- Bates-Bowyer Ave.","1","100.0000","88101","PM2.5 - Local Conditions","31140","Louisville/Jefferson County, KY-IN","18","Indiana","019","Clark","38.2881908269178","-85.741336506"
"02/16/2023","AirNow","180190010","3","6.9","ug/m3 LC","29","Jeffersonville- Bates-Bowyer Ave.","1","100.0000","88101","PM2.5 - Local Conditions","31140","Louisville/Jefferson County, KY-IN","18","Indiana","019","Clark","38.2881908269178","-85.741336506"
"02/17/2023","AirNow","180190010","3","4.3","ug/m3 LC","18","Jeffersonville- Bates-Bowyer Ave.","1","100.0000","88101","PM2.5 - Local Conditions","31140","Louisville/Jefferson County, KY-IN","18","Indiana","019","Clark","38.2881908269178","-85.741336506"
"02/18/2023","AirNow","180190010","3","6.8","ug/m3 LC","28","Jeffersonville- Bates-Bowyer Ave.","1","100.0000","88101","PM2.5 - Local Conditions","31140","Louisville/Jefferson County, KY-IN","18","Indiana","019","Clark","38.2881908269178","-85.741336506"
"02/19/2023","AirNow","180190010","3","5.5","ug/m3 LC","23","Jeffersonville- Bates-Bowyer Ave.","1","100.0000","88101","PM2.5 - Local Conditions","31140","Louisville/Jefferson County, KY-IN","18","Indiana","019","Clark","38.2881908269178","-85.741336506"
"02/20/2023","AirNow","180190010","3","12.2","ug/m3 LC","51","Jeffersonville- Bates-Bowyer Ave.","1","100.0000","88101","PM2.5 - Local Conditions","31140","Louisville/Jefferson County, KY-IN","18","Indiana","019","Clark","38.2881908269178","-85.741336506"
"02/21/2023","AirNow","180190010","3","7.1","ug/m3 LC","30","Jeffersonville- Bates-Bowyer Ave.","1","100.0000","88101","PM2.5 - Local Conditions","31140","Louisville/Jefferson County, KY-IN","18","Indiana","019","Clark","38.2881908269178","-85.741336506"
"02/22/2023","AirNow","180190010","3","7.9","ug/m3 LC","33","Jeffersonville- Bates-Bowyer Ave.","1","100.0000","88101","PM2.5 - Local Conditions","31140","Louisville/Jefferson County, KY-IN","18","Indiana","019","Clark","38.2881908269178","-85.741336506"
"02/23/2023","AirNow","180190010","3","7","ug/m3 LC","29","Jeffersonville- Bates-Bowyer Ave.","1","100.0000","88101","PM2.5 - Local Conditions","31140","Louisville/Jefferson County, KY-IN","18","Indiana","019","Clark","38.2881908269178","-85.741336506"
"02/24/2023","AirNow","180190010","3","8.5","ug/m3 LC","35","Jeffersonville- Bates-Bowyer Ave.","1","100.0000","88101","PM2.5 - Local Conditions","31140","Louisville/Jefferson County, KY-IN","18","Indiana","019","Clark","38.2881908269178","-85.741336506"
"02/25/2023","AirNow","180190010","3","9.1","ug/m3 LC","38","Jeffersonville- Bates-Bowyer Ave.","1","100.0000","88101","PM2.5 - Local Conditions","31140","Louisville/Jefferson County, KY-IN","18","Indiana","019","Clark","38.2881908269178","-85.741336506"
"02/26/2023","AirNow","180190010","3","15.6","ug/m3 LC","58","Jeffersonville- Bates-Bowyer Ave.","1","100.0000","88101","PM2.5 - Local Conditions","31140","Louisville/Jefferson County, KY-IN","18","Indiana","019","Clark","38.2881908269178","-85.741336506"
"02/27/2023","AirNow","180190010","3","11.5","ug/m3 LC","48","Jeffersonville- Bates-Bowyer Ave.","1","100.0000","88101","PM2.5 - Local Conditions","31140","Louisville/Jefferson County, KY-IN","18","Indiana","019","Clark","38.2881908269178","-85.741336506"
"02/28/2023","AirNow","180190010","3","6.3","ug/m3 LC","26","Jeffersonville- Bates-Bowyer Ave.","1","100.0000","88101","PM2.5 - Local Conditions","31140","Louisville/Jefferson County, KY-IN","18","Indiana","019","Clark","38.2881908269178","-85.741336506"
"03/01/2023","AirNow","180190010","3","17","ug/m3 LC","61","Jeffersonville- Bates-Bowyer Ave.","1","100.0000","88101","PM2.5 - Local Conditions","31140","Louisville/Jefferson County, KY-IN","18","Indiana","019","Clark","38.2881908269178","-85.741336506"
"03/02/2023","AirNow","180190010","3","8.1","ug/m3 LC","34","Jeffersonville- Bates-Bowyer Ave.","1","100.0000","88101","PM2.5 - Local Conditions","31140","Louisville/Jefferson County, KY-IN","18","Indiana","019","Clark","38.2881908269178","-85.741336506"
"03/03/2023","AirNow","180190010","3","4.5","ug/m3 LC","19","Jeffersonville- Bates-Bowyer Ave.","1","100.0000","88101","PM2.5 - Local Conditions","31140","Louisville/Jefferson County, KY-IN","18","Indiana","019","Clark","38.2881908269178","-85.741336506"
"03/04/2023","AirNow","180190010","3","13","ug/m3 LC","53","Jeffersonville- Bates-Bowyer Ave.","1","100.0000","88101","PM2.5 - Local Conditions","31140","Louisville/Jefferson County, KY-IN","18","Indiana","019","Clark","38.2881908269178","-85.741336506"
"03/05/2023","AirNow","180190010","3","19.2","ug/m3 LC","66","Jeffersonville- Bates-Bowyer Ave.","1","100.0000","88101","PM2.5 - Local Conditions","31140","Louisville/Jefferson County, KY-IN","18","Indiana","019","Clark","38.2881908269178","-85.741336506"
"01/14/2023","AQS","180430008","3","3.8","ug/m3 LC","16","","1","100.0000","88101","PM2.5 - Local Conditions","31140","Louisville/Jefferson County, KY-IN","18","Indiana","043","Floyd","38.317813","-85.833322"
"01/15/2023","AQS","180430008","3","7.7","ug/m3 LC","32","","1","100.0000","88101","PM2.5 - Local Conditions","31140","Louisville/Jefferson County, KY-IN","18","Indiana","043","Floyd","38.317813","-85.833322"
"01/16/2023","AQS","180430008","3","7.6","ug/m3 LC","32","","1","100.0000","88101","PM2.5 - Local Conditions","31140","Louisville/Jefferson County, KY-IN","18","Indiana","043","Floyd","38.317813","-85.833322"
"01/17/2023","AQS","180430008","3","2.7","ug/m3 LC","11","","1","100.0000","88101","PM2.5 - Local Conditions","31140","Louisville/Jefferson County, KY-IN","18","Indiana","043","Floyd","38.317813","-85.833322"
"01/18/2023","AQS","180430008","3","9","ug/m3 LC","38","","1","100.0000","88101","PM2.5 - Local Conditions","31140","Louisville/Jefferson County, KY-IN","18","Indiana","043","Floyd","38.317813","-85.833322"
"01/19/2023","AQS","180430008","3","3","ug/m3 LC","13","","1","100.0000","88101","PM2.5 - Local Conditions","31140","Louisville/Jefferson County, KY-IN","18","Indiana","043","Floyd","38.317813","-85.833322"
"01/20/2023","AQS","180430008","3","4","ug/m3 LC","17","","1","100.0000","88101","PM2.5 - Local Conditions","31140","Louisville/Jefferson County, KY-IN","18","Indiana","043","Floyd","38.317813","-85.833322"
"01/21/2023","AQS","180430008","3","5.6","ug/m3 LC","23","","1","100.0000","88101","PM2.5 - Local Conditions","31140","Louisville/Jefferson County, KY-IN","18","Indiana","043","Floyd","38.317813","-85.833322"
"01/22/2023","AQS","180430008","3","8.5","ug/m3 LC","35","","1","100.0000","88101","PM2.5 - Local Conditions","31140","Louisville/Jefferson County, KY-IN","18","Indiana","043","Floyd","38.317813","-85.833322"
"01/23/2023","AQS","180430008","3","9.5","ug/m3 LC","40","","1","100.0000","88101","PM2.5 - Local Conditions","31140","Louisville/Jefferson County, KY-IN","18","Indiana","043","Floyd","38.317813","-85.833322"
"01/24/2023","AQS","180430008","3","9.7","ug/m3 LC","40","","1","100.0000","88101","PM2.5 - Local Conditions","31140","Louisville/Jefferson County, KY-IN","18","Indiana","043","Floyd","38.317813","-85.833322"
"01/25/2023","AQS","180430008","3","3.7","ug/m3 LC","15","","1","100.0000","88101","PM2.5 - Local Conditions","31140","Louisville/Jefferson County, KY-IN","18","Indiana","043","Floyd","38.317813","-85.833322"
"01/26/2023","AQS","180430008","3","6.3","ug/m3 LC","26","","1","100.0000","88101","PM2.5 - Local Conditions","31140","Louisville/Jefferson County, KY-IN","18","Indiana","043","Floyd","38.317813","-85.833322"
"01/27/2023","AQS","180430008","3","4.2","ug/m3 LC","18","","1","100.0000","88101","PM2.5 - Local Conditions","31140","Louisville/Jefferson County, KY-IN","18","Indiana","043","Floyd","38.317813","-85.833322"
"01/28/2023","AQS","180430008","3","3","ug/m3 LC","13","","1","100.0000","88101","PM2.5 - Local Conditions","31140","Louisville/Jefferson County, KY-IN","18","Indiana","043","Floyd","38.317813","-85.833322"
"01/29/2023","AQS","180430008","3","5.3","ug/m3 LC","22","","1","100.0000","88101","PM2.5 - Local Conditions","31140","Louisville/Jefferson County, KY-IN","18","Indiana","043","Floyd","38.317813","-85.833322"
"01/30/2023","AQS","180430008","3","8.6","ug/m3 LC","36","","1","100.0000","88101","PM2.5 - Local Conditions","31140","Louisville/Jefferson County, KY-IN","18","Indiana","043","Floyd","38.317813","-85.833322"
"01/31/2023","AQS","180430008","3","8.4","ug/m3 LC","35","","1","100.0000","88101","PM2.5 - Local Conditions","31140","Louisville/Jefferson County, KY-IN","18","Indiana","043","Floyd","38.317813","-85.833322"
"01/01/2023","AirNow","211110051","3","10.9","ug/m3 LC","45","Watson Lane","1","100.0000","88101","PM2.5 - Local Conditions","31140","Louisville/Jefferson County, KY-IN","21","Kentucky","111","Jefferson","38.0609100009161","-85.89804"
"01/02/2023","AirNow","211110051","3","13.4","ug/m3 LC","54","Watson Lane","1","100.0000","88101","PM2.5 - Local Conditions","31140","Louisville/Jefferson County, KY-IN","21","Kentucky","111","Jefferson","38.0609100009161","-85.89804"
"01/03/2023","AirNow","211110051","3","3.3","ug/m3 LC","14","Watson Lane","1","100.0000","88101","PM2.5 - Local Conditions","31140","Louisville/Jefferson County, KY-IN","21","Kentucky","111","Jefferson","38.0609100009161","-85.89804"
"01/04/2023","AirNow","211110051","3","5.2","ug/m3 LC","22","Watson Lane","1","100.0000","88101","PM2.5 - Local Conditions","31140","Louisville/Jefferson County, KY-IN","21","Kentucky","111","Jefferson","38.0609100009161","-85.89804"
"01/05/2023","AirNow","211110051","3","5.7","ug/m3 LC","24","Watson Lane","1","100.0000","88101","PM2.5 - Local Conditions","31140","Louisville/Jefferson County, KY-IN","21","Kentucky","111","Jefferson","38.0609100009161","-85.89804"
"01/06/2023","AirNow","211110051","3","10","ug/m3 LC","42","Watson Lane","1","100.0000","88101","PM2.5 - Local Conditions","31140","Louisville/Jefferson County, KY-IN","21","Kentucky","111","Jefferson","38.0609100009161","-85.89804"
"01/07/2023","AirNow","211110051","3","13.9","ug/m3 LC","55","Watson Lane","1","100.0000","88101","PM2.5 - Local Conditions","31140","Louisville/Jefferson County, KY-IN","21","Kentucky","111","Jefferson","38.0609100009161","-85.89804"
"01/08/2023","AirNow","211110051","3","12","ug/m3 LC","50","Watson Lane","1","100.0000","88101","PM2.5 - Local Conditions","31140","Louisville/Jefferson County, KY-IN","21","Kentucky","111","Jefferson","38.0609100009161","-85.89804"
"01/09/2023","AirNow","211110051","3","13.2","ug/m3 LC","53","Watson Lane","1","100.0000","88101","PM2.5 - Local Conditions","31140","Louisville/Jefferson County, KY-IN","21","Kentucky","111","Jefferson","38.0609100009161","-85.89804"
"01/10/2023","AirNow","211110051","3","13.3","ug/m3 LC","54","Watson Lane","1","100.0000","88101","PM2.5 - Local Conditions","31140","Louisville/Jefferson County, KY-IN","21","Kentucky","111","Jefferson","38.0609100009161","-85.89804"
"01/11/2023","AirNow","211110051","3","19","ug/m3 LC","66","Watson Lane","1","100.0000","88101","PM2.5 - Local Conditions","31140","Louisville/Jefferson County, KY-IN","21","Kentucky","111","Jefferson","38.0609100009161","-85.89804"
"01/12/2023","AirNow","211110051","3","8.7","ug/m3 LC","36","Watson Lane","1","100.0000","88101","PM2.5 - Local Conditions","31140","Louisville/Jefferson County, KY-IN","21","Kentucky","111","Jefferson","38.0609100009161","-85.89804"
"01/13/2023","AirNow","211110051","3","4.8","ug/m3 LC","20","Watson Lane","1","100.0000","88101","PM2.5 - Local Conditions","31140","Louisville/Jefferson County, KY-IN","21","Kentucky","111","Jefferson","38.0609100009161","-85.89804"
"01/14/2023","AirNow","211110051","3","8.8","ug/m3 LC","37","Watson Lane","1","100.0000","88101","PM2.5 - Local Conditions","31140","Louisville/Jefferson County, KY-IN","21","Kentucky","111","Jefferson","38.0609100009161","-85.89804"
"01/15/2023","AirNow","211110051","3","14","ug/m3 LC","55","Watson Lane","1","100.0000","88101","PM2.5 - Local Conditions","31140","Louisville/Jefferson County, KY-IN","21","Kentucky","111","Jefferson","38.0609100009161","-85.89804"
"01/16/2023","AirNow","211110051","3","15.6","ug/m3 LC","58","Watson Lane","1","100.0000","88101","PM2.5 - Local Conditions","31140","Louisville/Jefferson County, KY-IN","21","Kentucky","111","Jefferson","38.0609100009161","-85.89804"
"01/17/2023","AirNow","211110051","3","5","ug/m3 LC","21","Watson Lane","1","100.0000","88101","PM2.5 - Local Conditions","31140","Louisville/Jefferson County, KY-IN","21","Kentucky","111","Jefferson","38.0609100009161","-85.89804"
"01/18/2023","AirNow","211110051","3","13.2","ug/m3 LC","53","Watson Lane","1","100.0000","88101","PM2.5 - Local Conditions","31140","Louisville/Jefferson County, KY-IN","21","Kentucky","111","Jefferson","38.0609100009161","-85.89804"
"01/19/2023","AirNow","211110051","3","4.8","ug/m3 LC","20","Watson Lane","1","100.0000","88101","PM2.5 - Local Conditions","31140","Louisville/Jefferson County, KY-IN","21","Kentucky","111","Jefferson","38.0609100009161","-85.89804"
"01/20/2023","AirNow","211110051","3","6.5","ug/m3 LC","27","Watson Lane","1","100.0000","88101","PM2.5 - Local Conditions","31140","Louisville/Jefferson County, KY-IN","21","Kentucky","111","Jefferson","38.0609100009161","-85.89804"
"01/21/2023","AirNow","211110051","3","11","ug/m3 LC","46","Watson Lane","1","100.0000","88101","PM2.5 - Local Conditions","31140","Louisville/Jefferson County, KY-IN","21","Kentucky","111","Jefferson","38.0609100009161","-85.89804"
"01/22/2023","AirNow","211110051","3","11.8","ug/m3 LC","49","Watson Lane","1","100.0000","88101","PM2.5 - Local Conditions","31140","Louisville/Jefferson County, KY-IN","21","Kentucky","111","Jefferson","38.0609100009161","-85.89804"
"01/23/2023","AirNow","211110051","3","10.6","ug/m3 LC","44","Watson Lane","1","100.0000","88101","PM2.5 - Local Conditions","31140","Louisville/Jefferson County, KY-IN","21","Kentucky","111","Jefferson","38.0609100009161","-85.89804"
"01/24/2023","AirNow","211110051","3","9.7","ug/m3 LC","40","Watson Lane","1","100.0000","88101","PM2.5 - Local Conditions","31140","Louisville/Jefferson County, KY-IN","21","Kentucky","111","Jefferson","38.0609100009161","-85.89804"
"01/25/2023","AirNow","211110051","3","4.6","ug/m3 LC","19","Watson Lane","1","100.0000","88101","PM2.5 - Local Conditions","31140","Louisville/Jefferson County, KY-IN","21","Kentucky","111","Jefferson","38.0609100009161","-85.89804"
"01/26/2023","AirNow","211110051","3","7.8","ug/m3 LC","33","Watson Lane","1","100.0000","88101","PM2.5 - Local Conditions","31140","Louisville/Jefferson County, KY-IN","21","Kentucky","111","Jefferson","38.0609100009161","-85.89804"
"01/27/2023","AirNow","211110051","3","5","ug/m3 LC","21","Watson Lane","1","100.0000","88101","PM2.5 - Local Conditions","31140","Louisville/Jefferson County, KY-IN","21","Kentucky","111","Jefferson","38.0609100009161","-85.89804"
"01/28/2023","AirNow","211110051","3","4.4","ug/m3 LC","18","Watson Lane","1","100.0000","88101","PM2.5 - Local Conditions","31140","Louisville/Jefferson County, KY-IN","21","Kentucky","111","Jefferson","38.0609100009161","-85.89804"
"01/29/2023","AirNow","211110051","3","9","ug/m3 LC","38","Watson Lane","1","100.0000","88101","PM2.5 - Local Conditions","31140","Louisville/Jefferson County, KY-IN","21","Kentucky","111","Jefferson","38.0609100009161","-85.89804"
"01/30/2023","AirNow","211110051","3","12.4","ug/m3 LC","52","Watson Lane","1","100.0000","88101","PM2.5 - Local Conditions","31140","Louisville/Jefferson County, KY-IN","21","Kentucky","111","Jefferson","38.0609100009161","-85.89804"
"01/31/2023","AirNow","211110051","3","12.7","ug/m3 LC","52","Watson Lane","1","100.0000","88101","PM2.5 - Local Conditions","31140","Louisville/Jefferson County, KY-IN","21","Kentucky","111","Jefferson","38.0609100009161","-85.89804"
"02/01/2023","AirNow","211110051","3","17.9","ug/m3 LC","63","Watson Lane","1","100.0000","88101","PM2.5 - Local Conditions","31140","Louisville/Jefferson County, KY-IN","21","Kentucky","111","Jefferson","38.0609100009161","-85.89804"
"02/02/2023","AirNow","211110051","3","17.3","ug/m3 LC","62","Watson Lane","1","100.0000","88101","PM2.5 - Local Conditions","31140","Louisville/Jefferson County, KY-IN","21","Kentucky","111","Jefferson","38.0609100009161","-85.89804"
"02/03/2023","AirNow","211110051","3","13.4","ug/m3 LC","54","Watson Lane","1","100.0000","88101","PM2.5 - Local Conditions","31140","Louisville/Jefferson County, KY-IN","21","Kentucky","111","Jefferson","38.0609100009161","-85.89804"
"02/04/2023","AirNow","211110051","3","11.5","ug/m3 LC","48","Watson Lane","1","100.0000","88101","PM2.5 - Local Conditions","31140","Louisville/Jefferson County, KY-IN","21","Kentucky","111","Jefferson","38.0609100009161","-85.89804"
"02/05/2023","AirNow","211110051","3","6.7","ug/m3 LC","28","Watson Lane","1","100.0000","88101","PM2.5 - Local Conditions","31140","Louisville/Jefferson County, KY-IN","21","Kentucky","111","Jefferson","38.0609100009161","-85.89804"
"02/06/2023","AirNow","211110051","3","12.3","ug/m3 LC","51","Watson Lane","1","100.0000","88101","PM2.5 - Local Conditions","31140","Louisville/Jefferson County, KY-IN","21","Kentucky","111","Jefferson","38.0609100009161","-85.89804"
"02/07/2023","AirNow","211110051","3","12.7","ug/m3 LC","52","Watson Lane","1","100.0000","88101","PM2.5 - Local Conditions","31140","Louisville/Jefferson County, KY-IN","21","Kentucky","111","Jefferson","38.0609100009161","-85.89804"
"02/08/2023","AirNow","211110051","3","12.1","ug/m3 LC","51","Watson Lane","1","100.0000","88101","PM2.5 - Local Conditions","31140","Louisville/Jefferson County, KY-IN","21","Kentucky","111","Jefferson","38.0609100009161","-85.89804"
"02/09/2023","AirNow","211110051","3","7.6","ug/m3 LC","32","Watson Lane","1","100.0000","88101","PM2.5 - Local Conditions","31140","Louisville/Jefferson County, KY-IN","21","Kentucky","111","Jefferson","38.0609100009161","-85.89804"
"02/10/2023","AirNow","211110051","3","8.6","ug/m3 LC","36","Watson Lane","1","100.0000","88101","PM2.5 - Local Conditions","31140","Louisville/Jefferson County, KY-IN","21","Kentucky","111","Jefferson","38.0609100009161","-85.89804"
"02/11/2023","AirNow","211110051","3","14.6","ug/m3 LC","56","Watson Lane","1","100.0000","88101","PM2.5 - Local Conditions","31140","Louisville/Jefferson County, KY-IN","21","Kentucky","111","Jefferson","38.0609100009161","-85.89804"
"02/12/2023","AirNow","211110051","3","7.9","ug/m3 LC","33","Watson Lane","1","100.0000","88101","PM2.5 - Local Conditions","31140","Louisville/Jefferson County, KY-IN","21","Kentucky","111","Jefferson","38.0609100009161","-85.89804"
"02/13/2023","AirNow","211110051","3","10","ug/m3 LC","42","Watson Lane","1","100.0000","88101","PM2.5 - Local Conditions","31140","Louisville/Jefferson County, KY-IN","21","Kentucky","111","Jefferson","38.0609100009161","-85.89804"
"02/14/2023","AirNow","211110051","3","13.4","ug/m3 LC","54","Watson Lane","1","100.0000","88101","PM2.5 - Local Conditions","31140","Louisville/Jefferson County, KY-IN","21","Kentucky","111","Jefferson","38.0609100009161","-85.89804"
"02/15/2023","AirNow","211110051","3","10.3","ug/m3 LC","43","Watson Lane","1","100.0000","88101","PM2.5 - Local Conditions","31140","Louisville/Jefferson County, KY-IN","21","Kentucky","111","Jefferson","38.0609100009161","-85.89804"
"02/16/2023","AirNow","211110051","3","6.9","ug/m3 LC","29","Watson Lane","1","100.0000","88101","PM2.5 - Local Conditions","31140","Louisville/Jefferson County, KY-IN","21","Kentucky","111","Jefferson","38.0609100009161","-85.89804"
"02/17/2023","AirNow","211110051","3","3.8","ug/m3 LC","16","Watson Lane","1","100.0000","88101","PM2.5 - Local Conditions","31140","Louisville/Jefferson County, KY-IN","21","Kentucky","111","Jefferson","38.0609100009161","-85.89804"
"02/18/2023","AirNow","211110051","3","6.9","ug/m3 LC","29","Watson Lane","1","100.0000","88101","PM2.5 - Local Conditions","31140","Louisville/Jefferson County, KY-IN","21","Kentucky","111","Jefferson","38.0609100009161","-85.89804"
"02/19/2023","AirNow","211110051","3","6.1","ug/m3 LC","25","Watson Lane","1","100.0000","88101","PM2.5 - Local Conditions","31140","Louisville/Jefferson County, KY-IN","21","Kentucky","111","Jefferson","38.0609100009161","-85.89804"
"02/20/2023","AirNow","211110051","3","12","ug/m3 LC","50","Watson Lane","1","100.0000","88101","PM2.5 - Local Conditions","31140","Louisville/Jefferson County, KY-IN","21","Kentucky","111","Jefferson","38.0609100009161","-85.89804"
"02/21/2023","AirNow","211110051","3","11.4","ug/m3 LC","48","Watson Lane","1","100.0000","88101","PM2.5 - Local Conditions","31140","Louisville/Jefferson County, KY-IN","21","Kentucky","111","Jefferson","38.0609100009161","-85.89804"
"02/22/2023","AirNow","211110051","3","7.5","ug/m3 LC","31","Watson Lane","1","100.0000","88101","PM2.5 - Local Conditions","31140","Louisville/Jefferson County, KY-IN","21","Kentucky","111","Jefferson","38.0609100009161","-85.89804"
"02/23/2023","AirNow","211110051","3","6.6","ug/m3 LC","28","Watson Lane","1","100.0000","88101","PM2.5 - Local Conditions","31140","Louisville/Jefferson County, KY-IN","21","Kentucky","111","Jefferson","38.0609100009161","-85.89804"
"02/24/2023","AirNow","211110051","3","7.9","ug/m3 LC","33","Watson Lane","1","100.0000","88101","PM2.5 - Local Conditions","31140","Louisville/Jefferson County, KY-IN","21","Kentucky","111","Jefferson","38.0609100009161","-85.89804"
"02/25/2023","AirNow","211110051","3","10.5","ug/m3 LC","44","Watson Lane","1","100.0000","88101","PM2.5 - Local Conditions","31140","Louisville/Jefferson County, KY-IN","21","Kentucky","111","Jefferson","38.0609100009161","-85.89804"
"02/26/2023","AirNow","211110051","3","12.7","ug/m3 LC","52","Watson Lane","1","100.0000","88101","PM2.5 - Local Conditions","31140","Louisville/Jefferson County, KY-IN","21","Kentucky","111","Jefferson","38.0609100009161","-85.89804"
"02/27/2023","AirNow","211110051","3","11.1","ug/m3 LC","46","Watson Lane","1","100.0000","88101","PM2.5 - Local Conditions","31140","Louisville/Jefferson County, KY-IN","21","Kentucky","111","Jefferson","38.0609100009161","-85.89804"
"02/28/2023","AirNow","211110051","3","7.4","ug/m3 LC","31","Watson Lane","1","100.0000","88101","PM2.5 - Local Conditions","31140","Louisville/Jefferson County, KY-IN","21","Kentucky","111","Jefferson","38.0609100009161","-85.89804"
"03/01/2023","AirNow","211110051","3","17.7","ug/m3 LC","63","Watson Lane","1","100.0000","88101","PM2.5 - Local Conditions","31140","Louisville/Jefferson County, KY-IN","21","Kentucky","111","Jefferson","38.0609100009161","-85.89804"
"03/02/2023","AirNow","211110051","3","7.9","ug/m3 LC","33","Watson Lane","1","100.0000","88101","PM2.5 - Local Conditions","31140","Louisville/Jefferson County, KY-IN","21","Kentucky","111","Jefferson","38.0609100009161","-85.89804"
"03/03/2023","AirNow","211110051","3","3.9","ug/m3 LC","16","Watson Lane","1","100.0000","88101","PM2.5 - Local Conditions","31140","Louisville/Jefferson County, KY-IN","21","Kentucky","111","Jefferson","38.0609100009161","-85.89804"
"03/04/2023","AirNow","211110051","3","11.2","ug/m3 LC","47","Watson Lane","1","100.0000","88101","PM2.5 - Local Conditions","31140","Louisville/Jefferson County, KY-IN","21","Kentucky","111","Jefferson","38.0609100009161","-85.89804"
"03/05/2023","AirNow","211110051","3","14.6","ug/m3 LC","56","Watson Lane","1","100.0000","88101","PM2.5 - Local Conditions","31140","Louisville/Jefferson County, KY-IN","21","Kentucky","111","Jefferson","38.0609100009161","-85.89804"
"01/01/2023","AirNow","211110067","3","14.3","ug/m3 LC","56","CANNONS LANE","1","100.0000","88101","PM2.5 - Local Conditions","31140","Louisville/Jefferson County, KY-IN","21","Kentucky","111","Jefferson","38.2287600009174","-85.65452"
"01/02/2023","AirNow","211110067","3","10.1","ug/m3 LC","42","CANNONS LANE","1","100.0000","88101","PM2.5 - Local Conditions","31140","Louisville/Jefferson County, KY-IN","21","Kentucky","111","Jefferson","38.2287600009174","-85.65452"
"01/03/2023","AirNow","211110067","3","3.3","ug/m3 LC","14","CANNONS LANE","1","100.0000","88101","PM2.5 - Local Conditions","31140","Louisville/Jefferson County, KY-IN","21","Kentucky","111","Jefferson","38.2287600009174","-85.65452"
"01/04/2023","AirNow","211110067","3","4.8","ug/m3 LC","20","CANNONS LANE","1","100.0000","88101","PM2.5 - Local Conditions","31140","Louisville/Jefferson County, KY-IN","21","Kentucky","111","Jefferson","38.2287600009174","-85.65452"
"01/05/2023","AirNow","211110067","3","5.5","ug/m3 LC","23","CANNONS LANE","1","100.0000","88101","PM2.5 - Local Conditions","31140","Louisville/Jefferson County, KY-IN","21","Kentucky","111","Jefferson","38.2287600009174","-85.65452"
"01/06/2023","AirNow","211110067","3","8.9","ug/m3 LC","37","CANNONS LANE","1","100.0000","88101","PM2.5 - Local Conditions","31140","Louisville/Jefferson County, KY-IN","21","Kentucky","111","Jefferson","38.2287600009174","-85.65452"
"01/07/2023","AirNow","211110067","3","12.7","ug/m3 LC","52","CANNONS LANE","1","100.0000","88101","PM2.5 - Local Conditions","31140","Louisville/Jefferson County, KY-IN","21","Kentucky","111","Jefferson","38.2287600009174","-85.65452"
"01/08/2023","AirNow","211110067","3","10.9","ug/m3 LC","45","CANNONS LANE","1","100.0000","88101","PM2.5 - Local Conditions","31140","Louisville/Jefferson County, KY-IN","21","Kentucky","111","Jefferson","38.2287600009174","-85.65452"
"01/09/2023","AirNow","211110067","3","14","ug/m3 LC","55","CANNONS LANE","1","100.0000","88101","PM2.5 - Local Conditions","31140","Louisville/Jefferson County, KY-IN","21","Kentucky","111","Jefferson","38.2287600009174","-85.65452"
"01/10/2023","AirNow","211110067","3","11.6","ug/m3 LC","48","CANNONS LANE","1","100.0000","88101","PM2.5 - Local Conditions","31140","Louisville/Jefferson County, KY-IN","21","Kentucky","111","Jefferson","38.2287600009174","-85.65452"
"01/11/2023","AirNow","211110067","3","16.1","ug/m3 LC","59","CANNONS LANE","1","100.0000","88101","PM2.5 - Local Conditions","31140","Louisville/Jefferson County, KY-IN","21","Kentucky","111","Jefferson","38.2287600009174","-85.65452"
"01/12/2023","AirNow","211110067","3","9.1","ug/m3 LC","38","CANNONS LANE","1","100.0000","88101","PM2.5 - Local Conditions","31140","Louisville/Jefferson County, KY-IN","21","Kentucky","111","Jefferson","38.2287600009174","-85.65452"
"01/13/2023","AirNow","211110067","3","4.4","ug/m3 LC","18","CANNONS LANE","1","100.0000","88101","PM2.5 - Local Conditions","31140","Louisville/Jefferson County, KY-IN","21","Kentucky","111","Jefferson","38.2287600009174","-85.65452"
"01/14/2023","AirNow","211110067","3","6.3","ug/m3 LC","26","CANNONS LANE","1","100.0000","88101","PM2.5 - Local Conditions","31140","Louisville/Jefferson County, KY-IN","21","Kentucky","111","Jefferson","38.2287600009174","-85.65452"
"01/15/2023","AirNow","211110067","3","10.8","ug/m3 LC","45","CANNONS LANE","1","100.0000","88101","PM2.5 - Local Conditions","31140","Louisville/Jefferson County, KY-IN","21","Kentucky","111","Jefferson","38.2287600009174","-85.65452"
"01/16/2023","AirNow","211110067","3","5.5","ug/m3 LC","23","CANNONS LANE","1","100.0000","88101","PM2.5 - Local Conditions","31140","Louisville/Jefferson County, KY-IN","21","Kentucky","111","Jefferson","38.2287600009174","-85.65452"
"01/17/2023","AirNow","211110067","3","5.3","ug/m3 LC","22","CANNONS LANE","1","100.0000","88101","PM2.5 - Local Conditions","31140","Louisville/Jefferson County, KY-IN","21","Kentucky","111","Jefferson","38.2287600009174","-85.65452"
"01/18/2023","AirNow","211110067","3","12.1","ug/m3 LC","51","CANNONS LANE","1","100.0000","88101","PM2.5 - Local Conditions","31140","Louisville/Jefferson County, KY-IN","21","Kentucky","111","Jefferson","38.2287600009174","-85.65452"
"01/19/2023","AirNow","211110067","3","4.6","ug/m3 LC","19","CANNONS LANE","1","100.0000","88101","PM2.5 - Local Conditions","31140","Louisville/Jefferson County, KY-IN","21","Kentucky","111","Jefferson","38.2287600009174","-85.65452"
"01/20/2023","AirNow","211110067","3","5.1","ug/m3 LC","21","CANNONS LANE","1","100.0000","88101","PM2.5 - Local Conditions","31140","Louisville/Jefferson County, KY-IN","21","Kentucky","111","Jefferson","38.2287600009174","-85.65452"
"01/21/2023","AirNow","211110067","3","8.6","ug/m3 LC","36","CANNONS LANE","1","100.0000","88101","PM2.5 - Local Conditions","31140","Louisville/Jefferson County, KY-IN","21","Kentucky","111","Jefferson","38.2287600009174","-85.65452"
"01/22/2023","AirNow","211110067","3","11","ug/m3 LC","46","CANNONS LANE","1","100.0000","88101","PM2.5 - Local Conditions","31140","Louisville/Jefferson County, KY-IN","21","Kentucky","111","Jefferson","38.2287600009174","-85.65452"
"01/23/2023","AirNow","211110067","3","11.3","ug/m3 LC","47","CANNONS LANE","1","100.0000","88101","PM2.5 - Local Conditions","31140","Louisville/Jefferson County, KY-IN","21","Kentucky","111","Jefferson","38.2287600009174","-85.65452"
"01/24/2023","AirNow","211110067","3","10.9","ug/m3 LC","45","CANNONS LANE","1","100.0000","88101","PM2.5 - Local Conditions","31140","Louisville/Jefferson County, KY-IN","21","Kentucky","111","Jefferson","38.2287600009174","-85.65452"
"01/25/2023","AirNow","211110067","3","4.6","ug/m3 LC","19","CANNONS LANE","1","100.0000","88101","PM2.5 - Local Conditions","31140","Louisville/Jefferson County, KY-IN","21","Kentucky","111","Jefferson","38.2287600009174","-85.65452"
"01/26/2023","AirNow","211110067","3","8.2","ug/m3 LC","34","CANNONS LANE","1","100.0000","88101","PM2.5 - Local Conditions","31140","Louisville/Jefferson County, KY-IN","21","Kentucky","111","Jefferson","38.2287600009174","-85.65452"
"01/27/2023","AirNow","211110067","3","5.1","ug/m3 LC","21","CANNONS LANE","1","100.0000","88101","PM2.5 - Local Conditions","31140","Louisville/Jefferson County, KY-IN","21","Kentucky","111","Jefferson","38.2287600009174","-85.65452"
"01/28/2023","AirNow","211110067","3","3.9","ug/m3 LC","16","CANNONS LANE","1","100.0000","88101","PM2.5 - Local Conditions","31140","Louisville/Jefferson County, KY-IN","21","Kentucky","111","Jefferson","38.2287600009174","-85.65452"
"01/29/2023","AirNow","211110067","3","8.7","ug/m3 LC","36","CANNONS LANE","1","100.0000","88101","PM2.5 - Local Conditions","31140","Louisville/Jefferson County, KY-IN","21","Kentucky","111","Jefferson","38.2287600009174","-85.65452"
"01/30/2023","AirNow","211110067","3","12.2","ug/m3 LC","51","CANNONS LANE","1","100.0000","88101","PM2.5 - Local Conditions","31140","Louisville/Jefferson County, KY-IN","21","Kentucky","111","Jefferson","38.2287600009174","-85.65452"
"01/31/2023","AirNow","211110067","3","12.5","ug/m3 LC","52","CANNONS LANE","1","100.0000","88101","PM2.5 - Local Conditions","31140","Louisville/Jefferson County, KY-IN","21","Kentucky","111","Jefferson","38.2287600009174","-85.65452"
"02/01/2023","AirNow","211110067","3","16.1","ug/m3 LC","59","CANNONS LANE","1","100.0000","88101","PM2.5 - Local Conditions","31140","Louisville/Jefferson County, KY-IN","21","Kentucky","111","Jefferson","38.2287600009174","-85.65452"
"02/02/2023","AirNow","211110067","3","17.7","ug/m3 LC","63","CANNONS LANE","1","100.0000","88101","PM2.5 - Local Conditions","31140","Louisville/Jefferson County, KY-IN","21","Kentucky","111","Jefferson","38.2287600009174","-85.65452"
"02/03/2023","AirNow","211110067","3","10.4","ug/m3 LC","43","CANNONS LANE","1","100.0000","88101","PM2.5 - Local Conditions","31140","Louisville/Jefferson County, KY-IN","21","Kentucky","111","Jefferson","38.2287600009174","-85.65452"
"02/04/2023","AirNow","211110067","3","6.6","ug/m3 LC","28","CANNONS LANE","1","100.0000","88101","PM2.5 - Local Conditions","31140","Louisville/Jefferson County, KY-IN","21","Kentucky","111","Jefferson","38.2287600009174","-85.65452"
"02/05/2023","AirNow","211110067","3","6.2","ug/m3 LC","26","CANNONS LANE","1","100.0000","88101","PM2.5 - Local Conditions","31140","Louisville/Jefferson County, KY-IN","21","Kentucky","111","Jefferson","38.2287600009174","-85.65452"
"02/06/2023","AirNow","211110067","3","8.9","ug/m3 LC","37","CANNONS LANE","1","100.0000","88101","PM2.5 - Local Conditions","31140","Louisville/Jefferson County, KY-IN","21","Kentucky","111","Jefferson","38.2287600009174","-85.65452"
"02/07/2023","AirNow","211110067","3","9.5","ug/m3 LC","40","CANNONS LANE","1","100.0000","88101","PM2.5 - Local Conditions","31140","Louisville/Jefferson County, KY-IN","21","Kentucky","111","Jefferson","38.2287600009174","-85.65452"
"02/08/2023","AirNow","211110067","3","12.3","ug/m3 LC","51","CANNONS LANE","1","100.0000","88101","PM2.5 - Local Conditions","31140","Louisville/Jefferson County, KY-IN","21","Kentucky","111","Jefferson","38.2287600009174","-85.65452"
"02/09/2023","AirNow","211110067","3","8.3","ug/m3 LC","35","CANNONS LANE","1","100.0000","88101","PM2.5 - Local Conditions","31140","Louisville/Jefferson County, KY-IN","21","Kentucky","111","Jefferson","38.2287600009174","-85.65452"
"02/10/2023","AirNow","211110067","3","9","ug/m3 LC","38","CANNONS LANE","1","100.0000","88101","PM2.5 - Local Conditions","31140","Louisville/Jefferson County, KY-IN","21","Kentucky","111","Jefferson","38.2287600009174","-85.65452"
"02/11/2023","AirNow","211110067","3","12.9","ug/m3 LC","53","CANNONS LANE","1","100.0000","88101","PM2.5 - Local Conditions","31140","Louisville/Jefferson County, KY-IN","21","Kentucky","111","Jefferson","38.2287600009174","-85.65452"
"02/12/2023","AirNow","211110067","3","6.9","ug/m3 LC","29","CANNONS LANE","1","100.0000","88101","PM2.5 - Local Conditions","31140","Louisville/Jefferson County, KY-IN","21","Kentucky","111","Jefferson","38.2287600009174","-85.65452"
"02/13/2023","AirNow","211110067","3","9.1","ug/m3 LC","38","CANNONS LANE","1","100.0000","88101","PM2.5 - Local Conditions","31140","Louisville/Jefferson County, KY-IN","21","Kentucky","111","Jefferson","38.2287600009174","-85.65452"
"02/14/2023","AirNow","211110067","3","8.9","ug/m3 LC","37","CANNONS LANE","1","100.0000","88101","PM2.5 - Local Conditions","31140","Louisville/Jefferson County, KY-IN","21","Kentucky","111","Jefferson","38.2287600009174","-85.65452"
"02/15/2023","AirNow","211110067","3","10.3","ug/m3 LC","43","CANNONS LANE","1","100.0000","88101","PM2.5 - Local Conditions","31140","Louisville/Jefferson County, KY-IN","21","Kentucky","111","Jefferson","38.2287600009174","-85.65452"
"02/16/2023","AirNow","211110067","3","5.7","ug/m3 LC","24","CANNONS LANE","1","100.0000","88101","PM2.5 - Local Conditions","31140","Louisville/Jefferson County, KY-IN","21","Kentucky","111","Jefferson","38.2287600009174","-85.65452"
"02/17/2023","AirNow","211110067","3","3.4","ug/m3 LC","14","CANNONS LANE","1","100.0000","88101","PM2.5 - Local Conditions","31140","Louisville/Jefferson County, KY-IN","21","Kentucky","111","Jefferson","38.2287600009174","-85.65452"
"02/18/2023","AirNow","211110067","3","6.9","ug/m3 LC","29","CANNONS LANE","1","100.0000","88101","PM2.5 - Local Conditions","31140","Louisville/Jefferson County, KY-IN","21","Kentucky","111","Jefferson","38.2287600009174","-85.65452"
"02/19/2023","AirNow","211110067","3","5","ug/m3 LC","21","CANNONS LANE","1","100.0000","88101","PM2.5 - Local Conditions","31140","Louisville/Jefferson County, KY-IN","21","Kentucky","111","Jefferson","38.2287600009174","-85.65452"
"02/20/2023","AirNow","211110067","3","10.2","ug/m3 LC","43","CANNONS LANE","1","100.0000","88101","PM2.5 - Local Conditions","31140","Louisville/Jefferson County, KY-IN","21","Kentucky","111","Jefferson","38.2287600009174","-85.65452"
"02/21/2023","AirNow","211110067","3","7.5","ug/m3 LC","31","CANNONS LANE","1","100.0000","88101","PM2.5 - Local Conditions","31140","Louisville/Jefferson County, KY-IN","21","Kentucky","111","Jefferson","38.2287600009174","-85.65452"
"02/22/2023","AirNow","211110067","3","7","ug/m3 LC","29","CANNONS LANE","1","100.0000","88101","PM2.5 - Local Conditions","31140","Louisville/Jefferson County, KY-IN","21","Kentucky","111","Jefferson","38.2287600009174","-85.65452"
"02/23/2023","AirNow","211110067","3","6.4","ug/m3 LC","27","CANNONS LANE","1","100.0000","88101","PM2.5 - Local Conditions","31140","Louisville/Jefferson County, KY-IN","21","Kentucky","111","Jefferson","38.2287600009174","-85.65452"
"02/24/2023","AirNow","211110067","3","7.7","ug/m3 LC","32","CANNONS LANE","1","100.0000","88101","PM2.5 - Local Conditions","31140","Louisville/Jefferson County, KY-IN","21","Kentucky","111","Jefferson","38.2287600009174","-85.65452"
"02/25/2023","AirNow","211110067","3","8.5","ug/m3 LC","35","CANNONS LANE","1","100.0000","88101","PM2.5 - Local Conditions","31140","Louisville/Jefferson County, KY-IN","21","Kentucky","111","Jefferson","38.2287600009174","-85.65452"
"02/26/2023","AirNow","211110067","3","13.2","ug/m3 LC","53","CANNONS LANE","1","100.0000","88101","PM2.5 - Local Conditions","31140","Louisville/Jefferson County, KY-IN","21","Kentucky","111","Jefferson","38.2287600009174","-85.65452"
"02/27/2023","AirNow","211110067","3","11.3","ug/m3 LC","47","CANNONS LANE","1","100.0000","88101","PM2.5 - Local Conditions","31140","Louisville/Jefferson County, KY-IN","21","Kentucky","111","Jefferson","38.2287600009174","-85.65452"
"02/28/2023","AirNow","211110067","3","5","ug/m3 LC","21","CANNONS LANE","1","100.0000","88101","PM2.5 - Local Conditions","31140","Louisville/Jefferson County, KY-IN","21","Kentucky","111","Jefferson","38.2287600009174","-85.65452"
"03/01/2023","AirNow","211110067","3","14.2","ug/m3 LC","55","CANNONS LANE","1","100.0000","88101","PM2.5 - Local Conditions","31140","Louisville/Jefferson County, KY-IN","21","Kentucky","111","Jefferson","38.2287600009174","-85.65452"
"03/02/2023","AirNow","211110067","3","7.4","ug/m3 LC","31","CANNONS LANE","1","100.0000","88101","PM2.5 - Local Conditions","31140","Louisville/Jefferson County, KY-IN","21","Kentucky","111","Jefferson","38.2287600009174","-85.65452"
"03/03/2023","AirNow","211110067","3","4.3","ug/m3 LC","18","CANNONS LANE","1","100.0000","88101","PM2.5 - Local Conditions","31140","Louisville/Jefferson County, KY-IN","21","Kentucky","111","Jefferson","38.2287600009174","-85.65452"
"03/04/2023","AirNow","211110067","3","11.6","ug/m3 LC","48","CANNONS LANE","1","100.0000","88101","PM2.5 - Local Conditions","31140","Louisville/Jefferson County, KY-IN","21","Kentucky","111","Jefferson","38.2287600009174","-85.65452"
"03/05/2023","AirNow","211110067","3","20.3","ug/m3 LC","68","CANNONS LANE","1","100.0000","88101","PM2.5 - Local Conditions","31140","Louisville/Jefferson County, KY-IN","21","Kentucky","111","Jefferson","38.2287600009174","-85.65452"
"01/01/2023","AirNow","211110075","3","13.9","ug/m3 LC","55","Durrett Lane (Near Road)","1","100.0000","88101","PM2.5 - Local Conditions","31140","Louisville/Jefferson County, KY-IN","21","Kentucky","111","Jefferson","38.1936","-85.7119"
"01/02/2023","AirNow","211110075","3","11.8","ug/m3 LC","49","Durrett Lane (Near Road)","1","100.0000","88101","PM2.5 - Local Conditions","31140","Louisville/Jefferson County, KY-IN","21","Kentucky","111","Jefferson","38.1936","-85.7119"
"01/03/2023","AirNow","211110075","3","4.7","ug/m3 LC","20","Durrett Lane (Near Road)","1","100.0000","88101","PM2.5 - Local Conditions","31140","Louisville/Jefferson County, KY-IN","21","Kentucky","111","Jefferson","38.1936","-85.7119"
"01/04/2023","AirNow","211110075","3","5.4","ug/m3 LC","23","Durrett Lane (Near Road)","1","100.0000","88101","PM2.5 - Local Conditions","31140","Louisville/Jefferson County, KY-IN","21","Kentucky","111","Jefferson","38.1936","-85.7119"
"01/05/2023","AirNow","211110075","3","6.6","ug/m3 LC","28","Durrett Lane (Near Road)","1","100.0000","88101","PM2.5 - Local Conditions","31140","Louisville/Jefferson County, KY-IN","21","Kentucky","111","Jefferson","38.1936","-85.7119"
"01/06/2023","AirNow","211110075","3","10.4","ug/m3 LC","43","Durrett Lane (Near Road)","1","100.0000","88101","PM2.5 - Local Conditions","31140","Louisville/Jefferson County, KY-IN","21","Kentucky","111","Jefferson","38.1936","-85.7119"
"01/07/2023","AirNow","211110075","3","14","ug/m3 LC","55","Durrett Lane (Near Road)","1","100.0000","88101","PM2.5 - Local Conditions","31140","Louisville/Jefferson County, KY-IN","21","Kentucky","111","Jefferson","38.1936","-85.7119"
"01/08/2023","AirNow","211110075","3","12.3","ug/m3 LC","51","Durrett Lane (Near Road)","1","100.0000","88101","PM2.5 - Local Conditions","31140","Louisville/Jefferson County, KY-IN","21","Kentucky","111","Jefferson","38.1936","-85.7119"
"01/09/2023","AirNow","211110075","3","15.5","ug/m3 LC","58","Durrett Lane (Near Road)","1","100.0000","88101","PM2.5 - Local Conditions","31140","Louisville/Jefferson County, KY-IN","21","Kentucky","111","Jefferson","38.1936","-85.7119"
"01/10/2023","AirNow","211110075","3","14.8","ug/m3 LC","57","Durrett Lane (Near Road)","1","100.0000","88101","PM2.5 - Local Conditions","31140","Louisville/Jefferson County, KY-IN","21","Kentucky","111","Jefferson","38.1936","-85.7119"
"01/11/2023","AirNow","211110075","3","18.1","ug/m3 LC","64","Durrett Lane (Near Road)","1","100.0000","88101","PM2.5 - Local Conditions","31140","Louisville/Jefferson County, KY-IN","21","Kentucky","111","Jefferson","38.1936","-85.7119"
"01/12/2023","AirNow","211110075","3","10.6","ug/m3 LC","44","Durrett Lane (Near Road)","1","100.0000","88101","PM2.5 - Local Conditions","31140","Louisville/Jefferson County, KY-IN","21","Kentucky","111","Jefferson","38.1936","-85.7119"
"01/13/2023","AirNow","211110075","3","5.4","ug/m3 LC","23","Durrett Lane (Near Road)","1","100.0000","88101","PM2.5 - Local Conditions","31140","Louisville/Jefferson County, KY-IN","21","Kentucky","111","Jefferson","38.1936","-85.7119"
"01/14/2023","AirNow","211110075","3","7.5","ug/m3 LC","31","Durrett Lane (Near Road)","1","100.0000","88101","PM2.5 - Local Conditions","31140","Louisville/Jefferson County, KY-IN","21","Kentucky","111","Jefferson","38.1936","-85.7119"
"01/15/2023","AirNow","211110075","3","12.5","ug/m3 LC","52","Durrett Lane (Near Road)","1","100.0000","88101","PM2.5 - Local Conditions","31140","Louisville/Jefferson County, KY-IN","21","Kentucky","111","Jefferson","38.1936","-85.7119"
"01/16/2023","AirNow","211110075","3","7.5","ug/m3 LC","31","Durrett Lane (Near Road)","1","100.0000","88101","PM2.5 - Local Conditions","31140","Louisville/Jefferson County, KY-IN","21","Kentucky","111","Jefferson","38.1936","-85.7119"
"01/17/2023","AirNow","211110075","3","7.6","ug/m3 LC","32","Durrett Lane (Near Road)","1","100.0000","88101","PM2.5 - Local Conditions","31140","Louisville/Jefferson County, KY-IN","21","Kentucky","111","Jefferson","38.1936","-85.7119"
"01/18/2023","AirNow","211110075","3","14.7","ug/m3 LC","56","Durrett Lane (Near Road)","1","100.0000","88101","PM2.5 - Local Conditions","31140","Louisville/Jefferson County, KY-IN","21","Kentucky","111","Jefferson","38.1936","-85.7119"
"01/19/2023","AirNow","211110075","3","5.3","ug/m3 LC","22","Durrett Lane (Near Road)","1","100.0000","88101","PM2.5 - Local Conditions","31140","Louisville/Jefferson County, KY-IN","21","Kentucky","111","Jefferson","38.1936","-85.7119"
"01/20/2023","AirNow","211110075","3","5.8","ug/m3 LC","24","Durrett Lane (Near Road)","1","100.0000","88101","PM2.5 - Local Conditions","31140","Louisville/Jefferson County, KY-IN","21","Kentucky","111","Jefferson","38.1936","-85.7119"
"01/21/2023","AirNow","211110075","3","10.1","ug/m3 LC","42","Durrett Lane (Near Road)","1","100.0000","88101","PM2.5 - Local Conditions","31140","Louisville/Jefferson County, KY-IN","21","Kentucky","111","Jefferson","38.1936","-85.7119"
"01/22/2023","AirNow","211110075","3","13.8","ug/m3 LC","55","Durrett Lane (Near Road)","1","100.0000","88101","PM2.5 - Local Conditions","31140","Louisville/Jefferson County, KY-IN","21","Kentucky","111","Jefferson","38.1936","-85.7119"
"01/23/2023","AirNow","211110075","3","12.9","ug/m3 LC","53","Durrett Lane (Near Road)","1","100.0000","88101","PM2.5 - Local Conditions","31140","Louisville/Jefferson County, KY-IN","21","Kentucky","111","Jefferson","38.1936","-85.7119"
"01/24/2023","AirNow","211110075","3","13.3","ug/m3 LC","54","Durrett Lane (Near Road)","1","100.0000","88101","PM2.5 - Local Conditions","31140","Louisville/Jefferson County, KY-IN","21","Kentucky","111","Jefferson","38.1936","-85.7119"
"01/25/2023","AirNow","211110075","3","5.8","ug/m3 LC","24","Durrett Lane (Near Road)","1","100.0000","88101","PM2.5 - Local Conditions","31140","Louisville/Jefferson County, KY-IN","21","Kentucky","111","Jefferson","38.1936","-85.7119"
"01/26/2023","AirNow","211110075","3","9.2","ug/m3 LC","38","Durrett Lane (Near Road)","1","100.0000","88101","PM2.5 - Local Conditions","31140","Louisville/Jefferson County, KY-IN","21","Kentucky","111","Jefferson","38.1936","-85.7119"
"01/27/2023","AirNow","211110075","3","6.4","ug/m3 LC","27","Durrett Lane (Near Road)","1","100.0000","88101","PM2.5 - Local Conditions","31140","Louisville/Jefferson County, KY-IN","21","Kentucky","111","Jefferson","38.1936","-85.7119"
"01/28/2023","AirNow","211110075","3","4.8","ug/m3 LC","20","Durrett Lane (Near Road)","1","100.0000","88101","PM2.5 - Local Conditions","31140","Louisville/Jefferson County, KY-IN","21","Kentucky","111","Jefferson","38.1936","-85.7119"
"01/29/2023","AirNow","211110075","3","10.1","ug/m3 LC","42","Durrett Lane (Near Road)","1","100.0000","88101","PM2.5 - Local Conditions","31140","Louisville/Jefferson County, KY-IN","21","Kentucky","111","Jefferson","38.1936","-85.7119"
"01/30/2023","AirNow","211110075","3","14","ug/m3 LC","55","Durrett Lane (Near Road)","1","100.0000","88101","PM2.5 - Local Conditions","31140","Louisville/Jefferson County, KY-IN","21","Kentucky","111","Jefferson","38.1936","-85.7119"
"01/31/2023","AirNow","211110075","3","13.9","ug/m3 LC","55","Durrett Lane (Near Road)","1","100.0000","88101","PM2.5 - Local Conditions","31140","Louisville/Jefferson County, KY-IN","21","Kentucky","111","Jefferson","38.1936","-85.7119"
"02/01/2023","AirNow","211110075","3","19.9","ug/m3 LC","67","Durrett Lane (Near Road)","1","100.0000","88101","PM2.5 - Local Conditions","31140","Louisville/Jefferson County, KY-IN","21","Kentucky","111","Jefferson","38.1936","-85.7119"
"02/02/2023","AirNow","211110075","3","19.4","ug/m3 LC","66","Durrett Lane (Near Road)","1","100.0000","88101","PM2.5 - Local Conditions","31140","Louisville/Jefferson County, KY-IN","21","Kentucky","111","Jefferson","38.1936","-85.7119"
"02/03/2023","AirNow","211110075","3","11.9","ug/m3 LC","50","Durrett Lane (Near Road)","1","100.0000","88101","PM2.5 - Local Conditions","31140","Louisville/Jefferson County, KY-IN","21","Kentucky","111","Jefferson","38.1936","-85.7119"
"02/04/2023","AirNow","211110075","3","8","ug/m3 LC","33","Durrett Lane (Near Road)","1","100.0000","88101","PM2.5 - Local Conditions","31140","Louisville/Jefferson County, KY-IN","21","Kentucky","111","Jefferson","38.1936","-85.7119"
"02/05/2023","AirNow","211110075","3","7.2","ug/m3 LC","30","Durrett Lane (Near Road)","1","100.0000","88101","PM2.5 - Local Conditions","31140","Louisville/Jefferson County, KY-IN","21","Kentucky","111","Jefferson","38.1936","-85.7119"
"02/06/2023","AirNow","211110075","3","11.6","ug/m3 LC","48","Durrett Lane (Near Road)","1","100.0000","88101","PM2.5 - Local Conditions","31140","Louisville/Jefferson County, KY-IN","21","Kentucky","111","Jefferson","38.1936","-85.7119"
"02/07/2023","AirNow","211110075","3","11.5","ug/m3 LC","48","Durrett Lane (Near Road)","1","100.0000","88101","PM2.5 - Local Conditions","31140","Louisville/Jefferson County, KY-IN","21","Kentucky","111","Jefferson","38.1936","-85.7119"
"02/08/2023","AirNow","211110075","3","13.7","ug/m3 LC","54","Durrett Lane (Near Road)","1","100.0000","88101","PM2.5 - Local Conditions","31140","Louisville/Jefferson County, KY-IN","21","Kentucky","111","Jefferson","38.1936","-85.7119"
"02/09/2023","AirNow","211110075","3","9.4","ug/m3 LC","39","Durrett Lane (Near Road)","1","100.0000","88101","PM2.5 - Local Conditions","31140","Louisville/Jefferson County, KY-IN","21","Kentucky","111","Jefferson","38.1936","-85.7119"
"02/10/2023","AirNow","211110075","3","10.1","ug/m3 LC","42","Durrett Lane (Near Road)","1","100.0000","88101","PM2.5 - Local Conditions","31140","Louisville/Jefferson County, KY-IN","21","Kentucky","111","Jefferson","38.1936","-85.7119"
"02/11/2023","AirNow","211110075","3","14.3","ug/m3 LC","56","Durrett Lane (Near Road)","1","100.0000","88101","PM2.5 - Local Conditions","31140","Louisville/Jefferson County, KY-IN","21","Kentucky","111","Jefferson","38.1936","-85.7119"
"02/12/2023","AirNow","211110075","3","11.2","ug/m3 LC","47","Durrett Lane (Near Road)","1","100.0000","88101","PM2.5 - Local Conditions","31140","Louisville/Jefferson County, KY-IN","21","Kentucky","111","Jefferson","38.1936","-85.7119"
"02/13/2023","AirNow","211110075","3","11.8","ug/m3 LC","49","Durrett Lane (Near Road)","1","100.0000","88101","PM2.5 - Local Conditions","31140","Louisville/Jefferson County, KY-IN","21","Kentucky","111","Jefferson","38.1936","-85.7119"
"02/14/2023","AirNow","211110075","3","14.3","ug/m3 LC","56","Durrett Lane (Near Road)","1","100.0000","88101","PM2.5 - Local Conditions","31140","Louisville/Jefferson County, KY-IN","21","Kentucky","111","Jefferson","38.1936","-85.7119"
"02/15/2023","AirNow","211110075","3","10.7","ug/m3 LC","45","Durrett Lane (Near Road)","1","100.0000","88101","PM2.5 - Local Conditions","31140","Louisville/Jefferson County, KY-IN","21","Kentucky","111","Jefferson","38.1936","-85.7119"
"02/16/2023","AirNow","211110075","3","7.3","ug/m3 LC","30","Durrett Lane (Near Road)","1","100.0000","88101","PM2.5 - Local Conditions","31140","Louisville/Jefferson County, KY-IN","21","Kentucky","111","Jefferson","38.1936","-85.7119"
"02/17/2023","AirNow","211110075","3","4","ug/m3 LC","17","Durrett Lane (Near Road)","1","100.0000","88101","PM2.5 - Local Conditions","31140","Louisville/Jefferson County, KY-IN","21","Kentucky","111","Jefferson","38.1936","-85.7119"
"02/18/2023","AirNow","211110075","3","8.2","ug/m3 LC","34","Durrett Lane (Near Road)","1","100.0000","88101","PM2.5 - Local Conditions","31140","Louisville/Jefferson County, KY-IN","21","Kentucky","111","Jefferson","38.1936","-85.7119"
"02/19/2023","AirNow","211110075","3","5.8","ug/m3 LC","24","Durrett Lane (Near Road)","1","100.0000","88101","PM2.5 - Local Conditions","31140","Louisville/Jefferson County, KY-IN","21","Kentucky","111","Jefferson","38.1936","-85.7119"
"02/20/2023","AirNow","211110075","3","12.1","ug/m3 LC","51","Durrett Lane (Near Road)","1","100.0000","88101","PM2.5 - Local Conditions","31140","Louisville/Jefferson County, KY-IN","21","Kentucky","111","Jefferson","38.1936","-85.7119"
"02/21/2023","AirNow","211110075","3","7.1","ug/m3 LC","30","Durrett Lane (Near Road)","1","100.0000","88101","PM2.5 - Local Conditions","31140","Louisville/Jefferson County, KY-IN","21","Kentucky","111","Jefferson","38.1936","-85.7119"
"02/22/2023","AirNow","211110075","3","8.3","ug/m3 LC","35","Durrett Lane (Near Road)","1","100.0000","88101","PM2.5 - Local Conditions","31140","Louisville/Jefferson County, KY-IN","21","Kentucky","111","Jefferson","38.1936","-85.7119"
"02/23/2023","AirNow","211110075","3","6.8","ug/m3 LC","28","Durrett Lane (Near Road)","1","100.0000","88101","PM2.5 - Local Conditions","31140","Louisville/Jefferson County, KY-IN","21","Kentucky","111","Jefferson","38.1936","-85.7119"
"02/24/2023","AirNow","211110075","3","8.9","ug/m3 LC","37","Durrett Lane (Near Road)","1","100.0000","88101","PM2.5 - Local Conditions","31140","Louisville/Jefferson County, KY-IN","21","Kentucky","111","Jefferson","38.1936","-85.7119"
"02/25/2023","AirNow","211110075","3","9.9","ug/m3 LC","41","Durrett Lane (Near Road)","1","100.0000","88101","PM2.5 - Local Conditions","31140","Louisville/Jefferson County, KY-IN","21","Kentucky","111","Jefferson","38.1936","-85.7119"
"02/26/2023","AirNow","211110075","3","15.8","ug/m3 LC","59","Durrett Lane (Near Road)","1","100.0000","88101","PM2.5 - Local Conditions","31140","Louisville/Jefferson County, KY-IN","21","Kentucky","111","Jefferson","38.1936","-85.7119"
"02/27/2023","AirNow","211110075","3","12","ug/m3 LC","50","Durrett Lane (Near Road)","1","100.0000","88101","PM2.5 - Local Conditions","31140","Louisville/Jefferson County, KY-IN","21","Kentucky","111","Jefferson","38.1936","-85.7119"
"02/28/2023","AirNow","211110075","3","6","ug/m3 LC","25","Durrett Lane (Near Road)","1","100.0000","88101","PM2.5 - Local Conditions","31140","Louisville/Jefferson County, KY-IN","21","Kentucky","111","Jefferson","38.1936","-85.7119"
"03/01/2023","AirNow","211110075","3","17.2","ug/m3 LC","62","Durrett Lane (Near Road)","1","100.0000","88101","PM2.5 - Local Conditions","31140","Louisville/Jefferson County, KY-IN","21","Kentucky","111","Jefferson","38.1936","-85.7119"
"03/02/2023","AirNow","211110075","3","8.4","ug/m3 LC","35","Durrett Lane (Near Road)","1","100.0000","88101","PM2.5 - Local Conditions","31140","Louisville/Jefferson County, KY-IN","21","Kentucky","111","Jefferson","38.1936","-85.7119"
"03/03/2023","AirNow","211110075","3","5.1","ug/m3 LC","21","Durrett Lane (Near Road)","1","100.0000","88101","PM2.5 - Local Conditions","31140","Louisville/Jefferson County, KY-IN","21","Kentucky","111","Jefferson","38.1936","-85.7119"
"03/04/2023","AirNow","211110075","3","13","ug/m3 LC","53","Durrett Lane (Near Road)","1","100.0000","88101","PM2.5 - Local Conditions","31140","Louisville/Jefferson County, KY-IN","21","Kentucky","111","Jefferson","38.1936","-85.7119"
"03/05/2023","AirNow","211110075","3","23.9","ug/m3 LC","76","Durrett Lane (Near Road)","1","100.0000","88101","PM2.5 - Local Conditions","31140","Louisville/Jefferson County, KY-IN","21","Kentucky","111","Jefferson","38.1936","-85.7119"
"01/01/2023","AirNow","211110080","3","9","ug/m3 LC","38","Carrithers Middle School","1","100.0000","88101","PM2.5 - Local Conditions","31140","Louisville/Jefferson County, KY-IN","21","Kentucky","111","Jefferson","38.182435","-85.574361"
"01/02/2023","AirNow","211110080","3","10","ug/m3 LC","42","Carrithers Middle School","1","100.0000","88101","PM2.5 - Local Conditions","31140","Louisville/Jefferson County, KY-IN","21","Kentucky","111","Jefferson","38.182435","-85.574361"
"01/03/2023","AirNow","211110080","3","2.9","ug/m3 LC","12","Carrithers Middle School","1","100.0000","88101","PM2.5 - Local Conditions","31140","Louisville/Jefferson County, KY-IN","21","Kentucky","111","Jefferson","38.182435","-85.574361"
"01/04/2023","AirNow","211110080","3","4.9","ug/m3 LC","20","Carrithers Middle School","1","100.0000","88101","PM2.5 - Local Conditions","31140","Louisville/Jefferson County, KY-IN","21","Kentucky","111","Jefferson","38.182435","-85.574361"
"01/05/2023","AirNow","211110080","3","5.6","ug/m3 LC","23","Carrithers Middle School","1","100.0000","88101","PM2.5 - Local Conditions","31140","Louisville/Jefferson County, KY-IN","21","Kentucky","111","Jefferson","38.182435","-85.574361"
"01/06/2023","AirNow","211110080","3","10","ug/m3 LC","42","Carrithers Middle School","1","100.0000","88101","PM2.5 - Local Conditions","31140","Louisville/Jefferson County, KY-IN","21","Kentucky","111","Jefferson","38.182435","-85.574361"
"01/07/2023","AirNow","211110080","3","11.3","ug/m3 LC","47","Carrithers Middle School","1","100.0000","88101","PM2.5 - Local Conditions","31140","Louisville/Jefferson County, KY-IN","21","Kentucky","111","Jefferson","38.182435","-85.574361"
"01/08/2023","AirNow","211110080","3","12.3","ug/m3 LC","51","Carrithers Middle School","1","100.0000","88101","PM2.5 - Local Conditions","31140","Louisville/Jefferson County, KY-IN","21","Kentucky","111","Jefferson","38.182435","-85.574361"
"01/09/2023","AirNow","211110080","3","15.1","ug/m3 LC","57","Carrithers Middle School","1","100.0000","88101","PM2.5 - Local Conditions","31140","Louisville/Jefferson County, KY-IN","21","Kentucky","111","Jefferson","38.182435","-85.574361"
"01/10/2023","AirNow","211110080","3","12.7","ug/m3 LC","52","Carrithers Middle School","1","100.0000","88101","PM2.5 - Local Conditions","31140","Louisville/Jefferson County, KY-IN","21","Kentucky","111","Jefferson","38.182435","-85.574361"
"01/11/2023","AirNow","211110080","3","14.6","ug/m3 LC","56","Carrithers Middle School","1","100.0000","88101","PM2.5 - Local Conditions","31140","Louisville/Jefferson County, KY-IN","21","Kentucky","111","Jefferson","38.182435","-85.574361"
"01/12/2023","AirNow","211110080","3","9.6","ug/m3 LC","40","Carrithers Middle School","1","100.0000","88101","PM2.5 - Local Conditions","31140","Louisville/Jefferson County, KY-IN","21","Kentucky","111","Jefferson","38.182435","-85.574361"
"01/13/2023","AirNow","211110080","3","4.8","ug/m3 LC","20","Carrithers Middle School","1","100.0000","88101","PM2.5 - Local Conditions","31140","Louisville/Jefferson County, KY-IN","21","Kentucky","111","Jefferson","38.182435","-85.574361"
"01/14/2023","AirNow","211110080","3","9","ug/m3 LC","38","Carrithers Middle School","1","100.0000","88101","PM2.5 - Local Conditions","31140","Louisville/Jefferson County, KY-IN","21","Kentucky","111","Jefferson","38.182435","-85.574361"
"01/15/2023","AirNow","211110080","3","10.9","ug/m3 LC","45","Carrithers Middle School","1","100.0000","88101","PM2.5 - Local Conditions","31140","Louisville/Jefferson County, KY-IN","21","Kentucky","111","Jefferson","38.182435","-85.574361"
"01/16/2023","AirNow","211110080","3","5.8","ug/m3 LC","24","Carrithers Middle School","1","100.0000","88101","PM2.5 - Local Conditions","31140","Louisville/Jefferson County, KY-IN","21","Kentucky","111","Jefferson","38.182435","-85.574361"
"01/17/2023","AirNow","211110080","3","5.4","ug/m3 LC","23","Carrithers Middle School","1","100.0000","88101","PM2.5 - Local Conditions","31140","Louisville/Jefferson County, KY-IN","21","Kentucky","111","Jefferson","38.182435","-85.574361"
"01/18/2023","AirNow","211110080","3","13.3","ug/m3 LC","54","Carrithers Middle School","1","100.0000","88101","PM2.5 - Local Conditions","31140","Louisville/Jefferson County, KY-IN","21","Kentucky","111","Jefferson","38.182435","-85.574361"
"01/19/2023","AirNow","211110080","3","4.9","ug/m3 LC","20","Carrithers Middle School","1","100.0000","88101","PM2.5 - Local Conditions","31140","Louisville/Jefferson County, KY-IN","21","Kentucky","111","Jefferson","38.182435","-85.574361"
"01/20/2023","AirNow","211110080","3","5.8","ug/m3 LC","24","Carrithers Middle School","1","100.0000","88101","PM2.5 - Local Conditions","31140","Louisville/Jefferson County, KY-IN","21","Kentucky","111","Jefferson","38.182435","-85.574361"
"01/21/2023","AirNow","211110080","3","11.7","ug/m3 LC","49","Carrithers Middle School","1","100.0000","88101","PM2.5 - Local Conditions","31140","Louisville/Jefferson County, KY-IN","21","Kentucky","111","Jefferson","38.182435","-85.574361"
"01/22/2023","AirNow","211110080","3","13.1","ug/m3 LC","53","Carrithers Middle School","1","100.0000","88101","PM2.5 - Local Conditions","31140","Louisville/Jefferson County, KY-IN","21","Kentucky","111","Jefferson","38.182435","-85.574361"
"01/23/2023","AirNow","211110080","3","12.5","ug/m3 LC","52","Carrithers Middle School","1","100.0000","88101","PM2.5 - Local Conditions","31140","Louisville/Jefferson County, KY-IN","21","Kentucky","111","Jefferson","38.182435","-85.574361"
"01/24/2023","AirNow","211110080","3","11.5","ug/m3 LC","48","Carrithers Middle School","1","100.0000","88101","PM2.5 - Local Conditions","31140","Louisville/Jefferson County, KY-IN","21","Kentucky","111","Jefferson","38.182435","-85.574361"
"01/25/2023","AirNow","211110080","3","5.4","ug/m3 LC","23","Carrithers Middle School","1","100.0000","88101","PM2.5 - Local Conditions","31140","Louisville/Jefferson County, KY-IN","21","Kentucky","111","Jefferson","38.182435","-85.574361"
"01/26/2023","AirNow","211110080","3","9.2","ug/m3 LC","38","Carrithers Middle School","1","100.0000","88101","PM2.5 - Local Conditions","31140","Louisville/Jefferson County, KY-IN","21","Kentucky","111","Jefferson","38.182435","-85.574361"
"01/27/2023","AirNow","211110080","3","5.6","ug/m3 LC","23","Carrithers Middle School","1","100.0000","88101","PM2.5 - Local Conditions","31140","Louisville/Jefferson County, KY-IN","21","Kentucky","111","Jefferson","38.182435","-85.574361"
"01/28/2023","AirNow","211110080","3","4.1","ug/m3 LC","17","Carrithers Middle School","1","100.0000","88101","PM2.5 - Local Conditions","31140","Louisville/Jefferson County, KY-IN","21","Kentucky","111","Jefferson","38.182435","-85.574361"
"01/29/2023","AirNow","211110080","3","9.3","ug/m3 LC","39","Carrithers Middle School","1","100.0000","88101","PM2.5 - Local Conditions","31140","Louisville/Jefferson County, KY-IN","21","Kentucky","111","Jefferson","38.182435","-85.574361"
"01/30/2023","AirNow","211110080","3","12.1","ug/m3 LC","51","Carrithers Middle School","1","100.0000","88101","PM2.5 - Local Conditions","31140","Louisville/Jefferson County, KY-IN","21","Kentucky","111","Jefferson","38.182435","-85.574361"
"01/31/2023","AirNow","211110080","3","15.1","ug/m3 LC","57","Carrithers Middle School","1","100.0000","88101","PM2.5 - Local Conditions","31140","Louisville/Jefferson County, KY-IN","21","Kentucky","111","Jefferson","38.182435","-85.574361"
"02/01/2023","AirNow","211110080","3","17.7","ug/m3 LC","63","Carrithers Middle School","1","100.0000","88101","PM2.5 - Local Conditions","31140","Louisville/Jefferson County, KY-IN","21","Kentucky","111","Jefferson","38.182435","-85.574361"
"02/02/2023","AirNow","211110080","3","20.6","ug/m3 LC","69","Carrithers Middle School","1","100.0000","88101","PM2.5 - Local Conditions","31140","Louisville/Jefferson County, KY-IN","21","Kentucky","111","Jefferson","38.182435","-85.574361"
"02/03/2023","AirNow","211110080","3","11.9","ug/m3 LC","50","Carrithers Middle School","1","100.0000","88101","PM2.5 - Local Conditions","31140","Louisville/Jefferson County, KY-IN","21","Kentucky","111","Jefferson","38.182435","-85.574361"
"02/04/2023","AirNow","211110080","3","7.7","ug/m3 LC","32","Carrithers Middle School","1","100.0000","88101","PM2.5 - Local Conditions","31140","Louisville/Jefferson County, KY-IN","21","Kentucky","111","Jefferson","38.182435","-85.574361"
"02/05/2023","AirNow","211110080","3","7.1","ug/m3 LC","30","Carrithers Middle School","1","100.0000","88101","PM2.5 - Local Conditions","31140","Louisville/Jefferson County, KY-IN","21","Kentucky","111","Jefferson","38.182435","-85.574361"
"02/06/2023","AirNow","211110080","3","9.8","ug/m3 LC","41","Carrithers Middle School","1","100.0000","88101","PM2.5 - Local Conditions","31140","Louisville/Jefferson County, KY-IN","21","Kentucky","111","Jefferson","38.182435","-85.574361"
"02/07/2023","AirNow","211110080","3","10.2","ug/m3 LC","43","Carrithers Middle School","1","100.0000","88101","PM2.5 - Local Conditions","31140","Louisville/Jefferson County, KY-IN","21","Kentucky","111","Jefferson","38.182435","-85.574361"
"02/08/2023","AirNow","211110080","3","12.7","ug/m3 LC","52","Carrithers Middle School","1","100.0000","88101","PM2.5 - Local Conditions","31140","Louisville/Jefferson County, KY-IN","21","Kentucky","111","Jefferson","38.182435","-85.574361"
"02/09/2023","AirNow","211110080","3","9.2","ug/m3 LC","38","Carrithers Middle School","1","100.0000","88101","PM2.5 - Local Conditions","31140","Louisville/Jefferson County, KY-IN","21","Kentucky","111","Jefferson","38.182435","-85.574361"
"02/10/2023","AirNow","211110080","3","9.5","ug/m3 LC","40","Carrithers Middle School","1","100.0000","88101","PM2.5 - Local Conditions","31140","Louisville/Jefferson County, KY-IN","21","Kentucky","111","Jefferson","38.182435","-85.574361"
"02/11/2023","AirNow","211110080","3","13.4","ug/m3 LC","54","Carrithers Middle School","1","100.0000","88101","PM2.5 - Local Conditions","31140","Louisville/Jefferson County, KY-IN","21","Kentucky","111","Jefferson","38.182435","-85.574361"
"02/12/2023","AirNow","211110080","3","7.3","ug/m3 LC","30","Carrithers Middle School","1","100.0000","88101","PM2.5 - Local Conditions","31140","Louisville/Jefferson County, KY-IN","21","Kentucky","111","Jefferson","38.182435","-85.574361"
"02/13/2023","AirNow","211110080","3","8.1","ug/m3 LC","34","Carrithers Middle School","1","100.0000","88101","PM2.5 - Local Conditions","31140","Louisville/Jefferson County, KY-IN","21","Kentucky","111","Jefferson","38.182435","-85.574361"
"02/14/2023","AirNow","211110080","3","8.6","ug/m3 LC","36","Carrithers Middle School","1","100.0000","88101","PM2.5 - Local Conditions","31140","Louisville/Jefferson County, KY-IN","21","Kentucky","111","Jefferson","38.182435","-85.574361"
"02/15/2023","AirNow","211110080","3","9.7","ug/m3 LC","40","Carrithers Middle School","1","100.0000","88101","PM2.5 - Local Conditions","31140","Louisville/Jefferson County, KY-IN","21","Kentucky","111","Jefferson","38.182435","-85.574361"
"02/16/2023","AirNow","211110080","3","5.6","ug/m3 LC","23","Carrithers Middle School","1","100.0000","88101","PM2.5 - Local Conditions","31140","Louisville/Jefferson County, KY-IN","21","Kentucky","111","Jefferson","38.182435","-85.574361"
"02/17/2023","AirNow","211110080","3","4","ug/m3 LC","17","Carrithers Middle School","1","100.0000","88101","PM2.5 - Local Conditions","31140","Louisville/Jefferson County, KY-IN","21","Kentucky","111","Jefferson","38.182435","-85.574361"
"02/18/2023","AirNow","211110080","3","6.8","ug/m3 LC","28","Carrithers Middle School","1","100.0000","88101","PM2.5 - Local Conditions","31140","Louisville/Jefferson County, KY-IN","21","Kentucky","111","Jefferson","38.182435","-85.574361"
"02/19/2023","AirNow","211110080","3","5.6","ug/m3 LC","23","Carrithers Middle School","1","100.0000","88101","PM2.5 - Local Conditions","31140","Louisville/Jefferson County, KY-IN","21","Kentucky","111","Jefferson","38.182435","-85.574361"
"02/20/2023","AirNow","211110080","3","11.3","ug/m3 LC","47","Carrithers Middle School","1","100.0000","88101","PM2.5 - Local Conditions","31140","Louisville/Jefferson County, KY-IN","21","Kentucky","111","Jefferson","38.182435","-85.574361"
"02/21/2023","AirNow","211110080","3","7.8","ug/m3 LC","33","Carrithers Middle School","1","100.0000","88101","PM2.5 - Local Conditions","31140","Louisville/Jefferson County, KY-IN","21","Kentucky","111","Jefferson","38.182435","-85.574361"
"02/22/2023","AirNow","211110080","3","7.4","ug/m3 LC","31","Carrithers Middle School","1","100.0000","88101","PM2.5 - Local Conditions","31140","Louisville/Jefferson County, KY-IN","21","Kentucky","111","Jefferson","38.182435","-85.574361"
"02/23/2023","AirNow","211110080","3","6.5","ug/m3 LC","27","Carrithers Middle School","1","100.0000","88101","PM2.5 - Local Conditions","31140","Louisville/Jefferson County, KY-IN","21","Kentucky","111","Jefferson","38.182435","-85.574361"
"02/24/2023","AirNow","211110080","3","8.3","ug/m3 LC","35","Carrithers Middle School","1","100.0000","88101","PM2.5 - Local Conditions","31140","Louisville/Jefferson County, KY-IN","21","Kentucky","111","Jefferson","38.182435","-85.574361"
"02/25/2023","AirNow","211110080","3","9.6","ug/m3 LC","40","Carrithers Middle School","1","100.0000","88101","PM2.5 - Local Conditions","31140","Louisville/Jefferson County, KY-IN","21","Kentucky","111","Jefferson","38.182435","-85.574361"
"02/26/2023","AirNow","211110080","3","14.8","ug/m3 LC","57","Carrithers Middle School","1","100.0000","88101","PM2.5 - Local Conditions","31140","Louisville/Jefferson County, KY-IN","21","Kentucky","111","Jefferson","38.182435","-85.574361"
"02/27/2023","AirNow","211110080","3","11.5","ug/m3 LC","48","Carrithers Middle School","1","100.0000","88101","PM2.5 - Local Conditions","31140","Louisville/Jefferson County, KY-IN","21","Kentucky","111","Jefferson","38.182435","-85.574361"
"02/28/2023","AirNow","211110080","3","5.9","ug/m3 LC","25","Carrithers Middle School","1","100.0000","88101","PM2.5 - Local Conditions","31140","Louisville/Jefferson County, KY-IN","21","Kentucky","111","Jefferson","38.182435","-85.574361"
"03/01/2023","AirNow","211110080","3","14.6","ug/m3 LC","56","Carrithers Middle School","1","100.0000","88101","PM2.5 - Local Conditions","31140","Louisville/Jefferson County, KY-IN","21","Kentucky","111","Jefferson","38.182435","-85.574361"
"03/02/2023","AirNow","211110080","3","8","ug/m3 LC","33","Carrithers Middle School","1","100.0000","88101","PM2.5 - Local Conditions","31140","Louisville/Jefferson County, KY-IN","21","Kentucky","111","Jefferson","38.182435","-85.574361"
"03/03/2023","AirNow","211110080","3","4.5","ug/m3 LC","19","Carrithers Middle School","1","100.0000","88101","PM2.5 - Local Conditions","31140","Louisville/Jefferson County, KY-IN","21","Kentucky","111","Jefferson","38.182435","-85.574361"
"03/04/2023","AirNow","211110080","3","11.4","ug/m3 LC","48","Carrithers Middle School","1","100.0000","88101","PM2.5 - Local Conditions","31140","Louisville/Jefferson County, KY-IN","21","Kentucky","111","Jefferson","38.182435","-85.574361"
"03/05/2023","AirNow","211110080","3","14.9","ug/m3 LC","57","Carrithers Middle School","1","100.0000","88101","PM2.5 - Local Conditions","31140","Louisville/Jefferson County, KY-IN","21","Kentucky","111","Jefferson","38.182435","-85.574361"
"01/01/2023","AirNow","211111041","3","12.9","ug/m3 LC","53","Algonquin Parkway","1","100.0000","88101","PM2.5 - Local Conditions","31140","Louisville/Jefferson County, KY-IN","21","Kentucky","111","Jefferson","38.2315800009174","-85.82678"
"01/02/2023","AirNow","211111041","3","14.2","ug/m3 LC","55","Algonquin Parkway","1","100.0000","88101","PM2.5 - Local Conditions","31140","Louisville/Jefferson County, KY-IN","21","Kentucky","111","Jefferson","38.2315800009174","-85.82678"
"01/03/2023","AirNow","211111041","3","4.8","ug/m3 LC","20","Algonquin Parkway","1","100.0000","88101","PM2.5 - Local Conditions","31140","Louisville/Jefferson County, KY-IN","21","Kentucky","111","Jefferson","38.2315800009174","-85.82678"
"01/04/2023","AirNow","211111041","3","5.5","ug/m3 LC","23","Algonquin Parkway","1","100.0000","88101","PM2.5 - Local Conditions","31140","Louisville/Jefferson County, KY-IN","21","Kentucky","111","Jefferson","38.2315800009174","-85.82678"
"01/05/2023","AirNow","211111041","3","6.5","ug/m3 LC","27","Algonquin Parkway","1","100.0000","88101","PM2.5 - Local Conditions","31140","Louisville/Jefferson County, KY-IN","21","Kentucky","111","Jefferson","38.2315800009174","-85.82678"
"01/06/2023","AirNow","211111041","3","8.7","ug/m3 LC","36","Algonquin Parkway","1","100.0000","88101","PM2.5 - Local Conditions","31140","Louisville/Jefferson County, KY-IN","21","Kentucky","111","Jefferson","38.2315800009174","-85.82678"
"01/07/2023","AirNow","211111041","3","10.6","ug/m3 LC","44","Algonquin Parkway","1","100.0000","88101","PM2.5 - Local Conditions","31140","Louisville/Jefferson County, KY-IN","21","Kentucky","111","Jefferson","38.2315800009174","-85.82678"
"01/08/2023","AirNow","211111041","3","11.3","ug/m3 LC","47","Algonquin Parkway","1","100.0000","88101","PM2.5 - Local Conditions","31140","Louisville/Jefferson County, KY-IN","21","Kentucky","111","Jefferson","38.2315800009174","-85.82678"
"01/09/2023","AirNow","211111041","3","13.1","ug/m3 LC","53","Algonquin Parkway","1","100.0000","88101","PM2.5 - Local Conditions","31140","Louisville/Jefferson County, KY-IN","21","Kentucky","111","Jefferson","38.2315800009174","-85.82678"
"01/10/2023","AirNow","211111041","3","11.7","ug/m3 LC","49","Algonquin Parkway","1","100.0000","88101","PM2.5 - Local Conditions","31140","Louisville/Jefferson County, KY-IN","21","Kentucky","111","Jefferson","38.2315800009174","-85.82678"
"01/11/2023","AirNow","211111041","3","20","ug/m3 LC","68","Algonquin Parkway","1","100.0000","88101","PM2.5 - Local Conditions","31140","Louisville/Jefferson County, KY-IN","21","Kentucky","111","Jefferson","38.2315800009174","-85.82678"
"01/12/2023","AirNow","211111041","3","11.5","ug/m3 LC","48","Algonquin Parkway","1","100.0000","88101","PM2.5 - Local Conditions","31140","Louisville/Jefferson County, KY-IN","21","Kentucky","111","Jefferson","38.2315800009174","-85.82678"
"01/13/2023","AirNow","211111041","3","4.4","ug/m3 LC","18","Algonquin Parkway","1","100.0000","88101","PM2.5 - Local Conditions","31140","Louisville/Jefferson County, KY-IN","21","Kentucky","111","Jefferson","38.2315800009174","-85.82678"
"01/14/2023","AirNow","211111041","3","5.7","ug/m3 LC","24","Algonquin Parkway","1","100.0000","88101","PM2.5 - Local Conditions","31140","Louisville/Jefferson County, KY-IN","21","Kentucky","111","Jefferson","38.2315800009174","-85.82678"
"01/15/2023","AirNow","211111041","3","10.7","ug/m3 LC","45","Algonquin Parkway","1","100.0000","88101","PM2.5 - Local Conditions","31140","Louisville/Jefferson County, KY-IN","21","Kentucky","111","Jefferson","38.2315800009174","-85.82678"
"01/16/2023","AirNow","211111041","3","10.1","ug/m3 LC","42","Algonquin Parkway","1","100.0000","88101","PM2.5 - Local Conditions","31140","Louisville/Jefferson County, KY-IN","21","Kentucky","111","Jefferson","38.2315800009174","-85.82678"
"01/17/2023","AirNow","211111041","3","6.6","ug/m3 LC","28","Algonquin Parkway","1","100.0000","88101","PM2.5 - Local Conditions","31140","Louisville/Jefferson County, KY-IN","21","Kentucky","111","Jefferson","38.2315800009174","-85.82678"
"01/18/2023","AirNow","211111041","3","13.7","ug/m3 LC","54","Algonquin Parkway","1","100.0000","88101","PM2.5 - Local Conditions","31140","Louisville/Jefferson County, KY-IN","21","Kentucky","111","Jefferson","38.2315800009174","-85.82678"
"01/19/2023","AirNow","211111041","3","5.8","ug/m3 LC","24","Algonquin Parkway","1","100.0000","88101","PM2.5 - Local Conditions","31140","Louisville/Jefferson County, KY-IN","21","Kentucky","111","Jefferson","38.2315800009174","-85.82678"
"01/20/2023","AirNow","211111041","3","5.2","ug/m3 LC","22","Algonquin Parkway","1","100.0000","88101","PM2.5 - Local Conditions","31140","Louisville/Jefferson County, KY-IN","21","Kentucky","111","Jefferson","38.2315800009174","-85.82678"
"01/21/2023","AirNow","211111041","3","9.1","ug/m3 LC","38","Algonquin Parkway","1","100.0000","88101","PM2.5 - Local Conditions","31140","Louisville/Jefferson County, KY-IN","21","Kentucky","111","Jefferson","38.2315800009174","-85.82678"
"01/22/2023","AirNow","211111041","3","10.3","ug/m3 LC","43","Algonquin Parkway","1","100.0000","88101","PM2.5 - Local Conditions","31140","Louisville/Jefferson County, KY-IN","21","Kentucky","111","Jefferson","38.2315800009174","-85.82678"
"01/23/2023","AirNow","211111041","3","11.8","ug/m3 LC","49","Algonquin Parkway","1","100.0000","88101","PM2.5 - Local Conditions","31140","Louisville/Jefferson County, KY-IN","21","Kentucky","111","Jefferson","38.2315800009174","-85.82678"
"01/24/2023","AirNow","211111041","3","11.8","ug/m3 LC","49","Algonquin Parkway","1","100.0000","88101","PM2.5 - Local Conditions","31140","Louisville/Jefferson County, KY-IN","21","Kentucky","111","Jefferson","38.2315800009174","-85.82678"
"01/25/2023","AirNow","211111041","3","4.6","ug/m3 LC","19","Algonquin Parkway","1","100.0000","88101","PM2.5 - Local Conditions","31140","Louisville/Jefferson County, KY-IN","21","Kentucky","111","Jefferson","38.2315800009174","-85.82678"
"01/26/2023","AirNow","211111041","3","7.8","ug/m3 LC","33","Algonquin Parkway","1","100.0000","88101","PM2.5 - Local Conditions","31140","Louisville/Jefferson County, KY-IN","21","Kentucky","111","Jefferson","38.2315800009174","-85.82678"
"01/27/2023","AirNow","211111041","3","5.3","ug/m3 LC","22","Algonquin Parkway","1","100.0000","88101","PM2.5 - Local Conditions","31140","Louisville/Jefferson County, KY-IN","21","Kentucky","111","Jefferson","38.2315800009174","-85.82678"
"01/28/2023","AirNow","211111041","3","5.5","ug/m3 LC","23","Algonquin Parkway","1","100.0000","88101","PM2.5 - Local Conditions","31140","Louisville/Jefferson County, KY-IN","21","Kentucky","111","Jefferson","38.2315800009174","-85.82678"
"01/29/2023","AirNow","211111041","3","8.7","ug/m3 LC","36","Algonquin Parkway","1","100.0000","88101","PM2.5 - Local Conditions","31140","Louisville/Jefferson County, KY-IN","21","Kentucky","111","Jefferson","38.2315800009174","-85.82678"
"01/30/2023","AirNow","211111041","3","12","ug/m3 LC","50","Algonquin Parkway","1","100.0000","88101","PM2.5 - Local Conditions","31140","Louisville/Jefferson County, KY-IN","21","Kentucky","111","Jefferson","38.2315800009174","-85.82678"
"01/31/2023","AirNow","211111041","3","12.1","ug/m3 LC","51","Algonquin Parkway","1","100.0000","88101","PM2.5 - Local Conditions","31140","Louisville/Jefferson County, KY-IN","21","Kentucky","111","Jefferson","38.2315800009174","-85.82678"
"02/01/2023","AirNow","211111041","3","19.1","ug/m3 LC","66","Algonquin Parkway","1","100.0000","88101","PM2.5 - Local Conditions","31140","Louisville/Jefferson County, KY-IN","21","Kentucky","111","Jefferson","38.2315800009174","-85.82678"
"02/02/2023","AirNow","211111041","3","15.7","ug/m3 LC","59","Algonquin Parkway","1","100.0000","88101","PM2.5 - Local Conditions","31140","Louisville/Jefferson County, KY-IN","21","Kentucky","111","Jefferson","38.2315800009174","-85.82678"
"02/03/2023","AirNow","211111041","3","10.4","ug/m3 LC","43","Algonquin Parkway","1","100.0000","88101","PM2.5 - Local Conditions","31140","Louisville/Jefferson County, KY-IN","21","Kentucky","111","Jefferson","38.2315800009174","-85.82678"
"02/04/2023","AirNow","211111041","3","9.2","ug/m3 LC","38","Algonquin Parkway","1","100.0000","88101","PM2.5 - Local Conditions","31140","Louisville/Jefferson County, KY-IN","21","Kentucky","111","Jefferson","38.2315800009174","-85.82678"
"02/05/2023","AirNow","211111041","3","7.1","ug/m3 LC","30","Algonquin Parkway","1","100.0000","88101","PM2.5 - Local Conditions","31140","Louisville/Jefferson County, KY-IN","21","Kentucky","111","Jefferson","38.2315800009174","-85.82678"
"02/06/2023","AirNow","211111041","3","10.5","ug/m3 LC","44","Algonquin Parkway","1","100.0000","88101","PM2.5 - Local Conditions","31140","Louisville/Jefferson County, KY-IN","21","Kentucky","111","Jefferson","38.2315800009174","-85.82678"
"02/07/2023","AirNow","211111041","3","11.1","ug/m3 LC","46","Algonquin Parkway","1","100.0000","88101","PM2.5 - Local Conditions","31140","Louisville/Jefferson County, KY-IN","21","Kentucky","111","Jefferson","38.2315800009174","-85.82678"
"02/08/2023","AirNow","211111041","3","13.6","ug/m3 LC","54","Algonquin Parkway","1","100.0000","88101","PM2.5 - Local Conditions","31140","Louisville/Jefferson County, KY-IN","21","Kentucky","111","Jefferson","38.2315800009174","-85.82678"
"02/09/2023","AirNow","211111041","3","8.2","ug/m3 LC","34","Algonquin Parkway","1","100.0000","88101","PM2.5 - Local Conditions","31140","Louisville/Jefferson County, KY-IN","21","Kentucky","111","Jefferson","38.2315800009174","-85.82678"
"02/10/2023","AirNow","211111041","3","9.1","ug/m3 LC","38","Algonquin Parkway","1","100.0000","88101","PM2.5 - Local Conditions","31140","Louisville/Jefferson County, KY-IN","21","Kentucky","111","Jefferson","38.2315800009174","-85.82678"
"02/11/2023","AirNow","211111041","3","12.7","ug/m3 LC","52","Algonquin Parkway","1","100.0000","88101","PM2.5 - Local Conditions","31140","Louisville/Jefferson County, KY-IN","21","Kentucky","111","Jefferson","38.2315800009174","-85.82678"
"02/12/2023","AirNow","211111041","3","6.2","ug/m3 LC","26","Algonquin Parkway","1","100.0000","88101","PM2.5 - Local Conditions","31140","Louisville/Jefferson County, KY-IN","21","Kentucky","111","Jefferson","38.2315800009174","-85.82678"
"02/13/2023","AirNow","211111041","3","9.8","ug/m3 LC","41","Algonquin Parkway","1","100.0000","88101","PM2.5 - Local Conditions","31140","Louisville/Jefferson County, KY-IN","21","Kentucky","111","Jefferson","38.2315800009174","-85.82678"
"02/14/2023","AirNow","211111041","3","12.4","ug/m3 LC","52","Algonquin Parkway","1","100.0000","88101","PM2.5 - Local Conditions","31140","Louisville/Jefferson County, KY-IN","21","Kentucky","111","Jefferson","38.2315800009174","-85.82678"
"02/15/2023","AirNow","211111041","3","11.7","ug/m3 LC","49","Algonquin Parkway","1","100.0000","88101","PM2.5 - Local Conditions","31140","Louisville/Jefferson County, KY-IN","21","Kentucky","111","Jefferson","38.2315800009174","-85.82678"
"02/16/2023","AirNow","211111041","3","7.2","ug/m3 LC","30","Algonquin Parkway","1","100.0000","88101","PM2.5 - Local Conditions","31140","Louisville/Jefferson County, KY-IN","21","Kentucky","111","Jefferson","38.2315800009174","-85.82678"
"02/17/2023","AirNow","211111041","3","3.6","ug/m3 LC","15","Algonquin Parkway","1","100.0000","88101","PM2.5 - Local Conditions","31140","Louisville/Jefferson County, KY-IN","21","Kentucky","111","Jefferson","38.2315800009174","-85.82678"
"02/18/2023","AirNow","211111041","3","7","ug/m3 LC","29","Algonquin Parkway","1","100.0000","88101","PM2.5 - Local Conditions","31140","Louisville/Jefferson County, KY-IN","21","Kentucky","111","Jefferson","38.2315800009174","-85.82678"
"02/19/2023","AirNow","211111041","3","6.3","ug/m3 LC","26","Algonquin Parkway","1","100.0000","88101","PM2.5 - Local Conditions","31140","Louisville/Jefferson County, KY-IN","21","Kentucky","111","Jefferson","38.2315800009174","-85.82678"
"02/20/2023","AirNow","211111041","3","10.5","ug/m3 LC","44","Algonquin Parkway","1","100.0000","88101","PM2.5 - Local Conditions","31140","Louisville/Jefferson County, KY-IN","21","Kentucky","111","Jefferson","38.2315800009174","-85.82678"
"02/21/2023","AirNow","211111041","3","6.9","ug/m3 LC","29","Algonquin Parkway","1","100.0000","88101","PM2.5 - Local Conditions","31140","Louisville/Jefferson County, KY-IN","21","Kentucky","111","Jefferson","38.2315800009174","-85.82678"
"02/22/2023","AirNow","211111041","3","8.1","ug/m3 LC","34","Algonquin Parkway","1","100.0000","88101","PM2.5 - Local Conditions","31140","Louisville/Jefferson County, KY-IN","21","Kentucky","111","Jefferson","38.2315800009174","-85.82678"
"02/23/2023","AirNow","211111041","3","6.8","ug/m3 LC","28","Algonquin Parkway","1","100.0000","88101","PM2.5 - Local Conditions","31140","Louisville/Jefferson County, KY-IN","21","Kentucky","111","Jefferson","38.2315800009174","-85.82678"
"02/24/2023","AirNow","211111041","3","8.4","ug/m3 LC","35","Algonquin Parkway","1","100.0000","88101","PM2.5 - Local Conditions","31140","Louisville/Jefferson County, KY-IN","21","Kentucky","111","Jefferson","38.2315800009174","-85.82678"
"02/25/2023","AirNow","211111041","3","7.6","ug/m3 LC","32","Algonquin Parkway","1","100.0000","88101","PM2.5 - Local Conditions","31140","Louisville/Jefferson County, KY-IN","21","Kentucky","111","Jefferson","38.2315800009174","-85.82678"
"02/26/2023","AirNow","211111041","3","12.3","ug/m3 LC","51","Algonquin Parkway","1","100.0000","88101","PM2.5 - Local Conditions","31140","Louisville/Jefferson County, KY-IN","21","Kentucky","111","Jefferson","38.2315800009174","-85.82678"
"02/27/2023","AirNow","211111041","3","12","ug/m3 LC","50","Algonquin Parkway","1","100.0000","88101","PM2.5 - Local Conditions","31140","Louisville/Jefferson County, KY-IN","21","Kentucky","111","Jefferson","38.2315800009174","-85.82678"
"02/28/2023","AirNow","211111041","3","5.6","ug/m3 LC","23","Algonquin Parkway","1","100.0000","88101","PM2.5 - Local Conditions","31140","Louisville/Jefferson County, KY-IN","21","Kentucky","111","Jefferson","38.2315800009174","-85.82678"
"03/01/2023","AirNow","211111041","3","16.6","ug/m3 LC","60","Algonquin Parkway","1","100.0000","88101","PM2.5 - Local Conditions","31140","Louisville/Jefferson County, KY-IN","21","Kentucky","111","Jefferson","38.2315800009174","-85.82678"
"03/02/2023","AirNow","211111041","3","7.1","ug/m3 LC","30","Algonquin Parkway","1","100.0000","88101","PM2.5 - Local Conditions","31140","Louisville/Jefferson County, KY-IN","21","Kentucky","111","Jefferson","38.2315800009174","-85.82678"
